{
	"credit": "Made with Blockbench",
	"texture_size": [16, 32],
	"textures": {
		"0": "blocks/anvil_base",
		"1": "blocks/door_spruce_upper",
		"particle": "blocks/anvil_base"
	},
	"elements": [
		{
			"from": [15, 0, 0],
			"to": [16, 10, 1],
			"rotation": {"angle": 0, "axis": "y", "origin": [23, 8, 8]},
			"faces": {
				"north": {"uv": [0, 0, 1, 5], "texture": "#0"},
				"east": {"uv": [0, 0, 1, 5], "texture": "#0"},
				"south": {"uv": [0, 0, 1, 5], "texture": "#0"},
				"west": {"uv": [0, 0, 1, 5], "texture": "#0"},
				"up": {"uv": [0, 0, 1, 5], "texture": "#0"},
				"down": {"uv": [0, 0, 1, 5], "texture": "#0"}
			}
		},
		{
			"from": [15, 0, 15],
			"to": [16, 11, 16],
			"rotation": {"angle": 0, "axis": "y", "origin": [23, 8, 23]},
			"faces": {
				"north": {"uv": [0, 0, 1, 5.5], "texture": "#0"},
				"east": {"uv": [0, 0, 1, 5.5], "texture": "#0"},
				"south": {"uv": [0, 0, 1, 5.5], "texture": "#0"},
				"west": {"uv": [0, 0, 1, 5.5], "texture": "#0"},
				"up": {"uv": [0, 0, 1, 5.5], "texture": "#0"},
				"down": {"uv": [0, 0, 1, 5.5], "texture": "#0"}
			}
		},
		{
			"from": [15, 12, 15],
			"to": [16, 23, 16],
			"rotation": {"angle": 0, "axis": "y", "origin": [23, 20, 23]},
			"faces": {
				"north": {"uv": [0, 0, 1, 5.5], "texture": "#0"},
				"east": {"uv": [0, 0, 1, 5.5], "texture": "#0"},
				"south": {"uv": [0, 0, 1, 5.5], "texture": "#0"},
				"west": {"uv": [0, 0, 1, 5.5], "texture": "#0"},
				"up": {"uv": [0, 0, 1, 5.5], "texture": "#0"},
				"down": {"uv": [0, 0, 1, 5.5], "texture": "#0"}
			}
		},
		{
			"from": [15, 22, 16],
			"to": [16, 25, 17],
			"rotation": {"angle": 0, "axis": "y", "origin": [23, 23, 24]},
			"faces": {
				"north": {"uv": [0, 0, 1, 1.5], "texture": "#0"},
				"east": {"uv": [0, 0, 1, 1.5], "texture": "#0"},
				"south": {"uv": [0, 0, 1, 1.5], "texture": "#0"},
				"west": {"uv": [0, 0, 1, 1.5], "texture": "#0"},
				"up": {"uv": [0, 0, 1, 1.5], "texture": "#0"},
				"down": {"uv": [0, 0, 1, 1.5], "texture": "#0"}
			}
		},
		{
			"from": [15, 24, 17],
			"to": [16, 26, 18],
			"rotation": {"angle": 0, "axis": "y", "origin": [23, 24, 25]},
			"faces": {
				"north": {"uv": [0, 0, 1, 1], "texture": "#0"},
				"east": {"uv": [0, 0, 1, 1], "texture": "#0"},
				"south": {"uv": [0, 0, 1, 1], "texture": "#0"},
				"west": {"uv": [0, 0, 1, 1], "texture": "#0"},
				"up": {"uv": [0, 0, 1, 1], "texture": "#0"},
				"down": {"uv": [0, 0, 1, 1], "texture": "#0"}
			}
		},
		{
			"from": [15, 9, 1],
			"to": [16, 11, 2],
			"rotation": {"angle": 0, "axis": "y", "origin": [23, 9, 9]},
			"faces": {
				"north": {"uv": [0, 0, 1, 1], "texture": "#0"},
				"east": {"uv": [0, 0, 1, 1], "texture": "#0"},
				"south": {"uv": [0, 0, 1, 1], "texture": "#0"},
				"west": {"uv": [0, 0, 1, 1], "texture": "#0"},
				"up": {"uv": [0, 0, 1, 1], "texture": "#0"},
				"down": {"uv": [0, 0, 1, 1], "texture": "#0"}
			}
		},
		{
			"from": [15, 5, 2],
			"to": [16, 7, 3],
			"rotation": {"angle": 0, "axis": "y", "origin": [23, 5, 10]},
			"faces": {
				"north": {"uv": [0, 0, 1, 1], "texture": "#0"},
				"east": {"uv": [0, 0, 1, 1], "texture": "#0"},
				"south": {"uv": [0, 0, 1, 1], "texture": "#0"},
				"west": {"uv": [0, 0, 1, 1], "texture": "#0"},
				"up": {"uv": [0, 0, 1, 1], "texture": "#0"},
				"down": {"uv": [0, 0, 1, 1], "texture": "#0"}
			}
		},
		{
			"from": [14, 4, 0],
			"to": [15, 5, 1],
			"rotation": {"angle": 0, "axis": "y", "origin": [-6, 5, 8]},
			"faces": {
				"north": {"uv": [0, 0, 1, 0.5], "texture": "#0"},
				"east": {"uv": [0, 0, 1, 0.5], "texture": "#0"},
				"south": {"uv": [0, 0, 1, 0.5], "texture": "#0"},
				"west": {"uv": [0, 0, 1, 0.5], "texture": "#0"},
				"up": {"uv": [0, 0, 1, 0.5], "rotation": 90, "texture": "#0"},
				"down": {"uv": [0, 0, 1, 0.5], "rotation": 270, "texture": "#0"}
			}
		},
		{
			"from": [14, 5, 0],
			"to": [15, 6, 1],
			"rotation": {"angle": 0, "axis": "y", "origin": [-6, 5, 8]},
			"faces": {
				"north": {"uv": [0, 0, 1, 0.5], "texture": "#0"},
				"east": {"uv": [0, 0, 1, 0.5], "texture": "#0"},
				"south": {"uv": [0, 0, 1, 0.5], "texture": "#0"},
				"west": {"uv": [0, 0, 1, 0.5], "texture": "#0"},
				"up": {"uv": [0, 0, 1, 0.5], "rotation": 90, "texture": "#0"},
				"down": {"uv": [0, 0, 1, 0.5], "rotation": 270, "texture": "#0"}
			}
		},
		{
			"from": [13, 5, 0],
			"to": [14, 7, 1],
			"rotation": {"angle": 0, "axis": "y", "origin": [-5, 4, 8]},
			"faces": {
				"north": {"uv": [0, 0, 1, 1], "texture": "#0"},
				"east": {"uv": [0, 0, 1, 1], "texture": "#0"},
				"south": {"uv": [0, 0, 1, 1], "texture": "#0"},
				"west": {"uv": [0, 0, 1, 1], "texture": "#0"},
				"up": {"uv": [0, 0, 1, 1], "rotation": 90, "texture": "#0"},
				"down": {"uv": [0, 0, 1, 1], "rotation": 270, "texture": "#0"}
			}
		},
		{
			"from": [3, 7, 0],
			"to": [12, 8, 1],
			"rotation": {"angle": 0, "axis": "y", "origin": [-6, 5, 8]},
			"faces": {
				"north": {"uv": [0, 0, 9, 0.5], "texture": "#0"},
				"east": {"uv": [0, 0, 9, 0.5], "texture": "#0"},
				"south": {"uv": [0, 0, 9, 0.5], "texture": "#0"},
				"west": {"uv": [0, 0, 9, 0.5], "texture": "#0"},
				"up": {"uv": [0, 0, 9, 0.5], "rotation": 90, "texture": "#0"},
				"down": {"uv": [0, 0, 9, 0.5], "rotation": 270, "texture": "#0"}
			}
		},
		{
			"from": [12, 6, 0],
			"to": [13, 8, 1],
			"rotation": {"angle": 0, "axis": "y", "origin": [4, 5, 8]},
			"faces": {
				"north": {"uv": [0, 0, 1, 1], "texture": "#0"},
				"east": {"uv": [0, 0, 1, 1], "texture": "#0"},
				"south": {"uv": [0, 0, 1, 1], "texture": "#0"},
				"west": {"uv": [0, 0, 1, 1], "texture": "#0"},
				"up": {"uv": [0, 0, 1, 1], "rotation": 90, "texture": "#0"},
				"down": {"uv": [0, 0, 1, 1], "rotation": 270, "texture": "#0"}
			}
		},
		{
			"from": [2, 7, 0],
			"to": [3, 8, 1],
			"rotation": {"angle": 0, "axis": "y", "origin": [-5, 7, 8]},
			"faces": {
				"north": {"uv": [0, 0, 1, 0.5], "texture": "#0"},
				"east": {"uv": [0, 0, 1, 0.5], "texture": "#0"},
				"south": {"uv": [0, 0, 1, 0.5], "texture": "#0"},
				"west": {"uv": [0, 0, 1, 0.5], "texture": "#0"},
				"up": {"uv": [0, 0, 1, 0.5], "rotation": 90, "texture": "#0"},
				"down": {"uv": [0, 0, 1, 0.5], "rotation": 270, "texture": "#0"}
			}
		},
		{
			"from": [13, 6, 0],
			"to": [14, 7, 1],
			"rotation": {"angle": 0, "axis": "y", "origin": [6, 5, 8]},
			"faces": {
				"north": {"uv": [0, 0, 1, 0.5], "texture": "#0"},
				"east": {"uv": [0, 0, 1, 0.5], "texture": "#0"},
				"south": {"uv": [0, 0, 1, 0.5], "texture": "#0"},
				"west": {"uv": [0, 0, 1, 0.5], "texture": "#0"},
				"up": {"uv": [0, 0, 1, 0.5], "rotation": 90, "texture": "#0"},
				"down": {"uv": [0, 0, 1, 0.5], "rotation": 270, "texture": "#0"}
			}
		},
		{
			"from": [0, 6, 0],
			"to": [2, 7, 1],
			"rotation": {"angle": 0, "axis": "y", "origin": [-19, 5, 8]},
			"faces": {
				"north": {"uv": [0, 0, 1, 1], "texture": "#0"},
				"east": {"uv": [0, 0, 1, 1], "texture": "#0"},
				"south": {"uv": [0, 0, 1, 1], "texture": "#0"},
				"west": {"uv": [0, 0, 1, 1], "texture": "#0"},
				"up": {"uv": [0, 0, 1, 1], "rotation": 90, "texture": "#0"},
				"down": {"uv": [0, 0, 1, 1], "rotation": 270, "texture": "#0"}
			}
		},
		{
			"from": [15, 5, 1],
			"to": [16, 6, 2],
			"rotation": {"angle": 0, "axis": "y", "origin": [23, 5, 9]},
			"faces": {
				"north": {"uv": [0, 0, 1, 0.5], "texture": "#0"},
				"east": {"uv": [0, 0, 1, 0.5], "texture": "#0"},
				"south": {"uv": [0, 0, 1, 0.5], "texture": "#0"},
				"west": {"uv": [0, 0, 1, 0.5], "texture": "#0"},
				"up": {"uv": [0, 0, 1, 0.5], "texture": "#0"},
				"down": {"uv": [0, 0, 1, 0.5], "texture": "#0"}
			}
		},
		{
			"from": [15, 6, 14],
			"to": [16, 7, 15],
			"rotation": {"angle": 0, "axis": "y", "origin": [23, 6, 22]},
			"faces": {
				"north": {"uv": [0, 0, 1, 0.5], "texture": "#0"},
				"east": {"uv": [0, 0, 1, 0.5], "texture": "#0"},
				"south": {"uv": [0, 0, 1, 0.5], "texture": "#0"},
				"west": {"uv": [0, 0, 1, 0.5], "texture": "#0"},
				"up": {"uv": [0, 0, 1, 0.5], "texture": "#0"},
				"down": {"uv": [0, 0, 1, 0.5], "texture": "#0"}
			}
		},
		{
			"from": [15, 10, 14],
			"to": [16, 11, 15],
			"rotation": {"angle": 0, "axis": "y", "origin": [23, 10, 22]},
			"faces": {
				"north": {"uv": [0, 0, 1, 0.5], "texture": "#0"},
				"east": {"uv": [0, 0, 1, 0.5], "texture": "#0"},
				"south": {"uv": [0, 0, 1, 0.5], "texture": "#0"},
				"west": {"uv": [0, 0, 1, 0.5], "texture": "#0"},
				"up": {"uv": [0, 0, 1, 0.5], "texture": "#0"},
				"down": {"uv": [0, 0, 1, 0.5], "texture": "#0"}
			}
		},
		{
			"from": [15, 5, 14],
			"to": [16, 6, 15],
			"rotation": {"angle": 0, "axis": "y", "origin": [23, 5, 22]},
			"faces": {
				"north": {"uv": [0, 0, 1, 0.5], "texture": "#0"},
				"east": {"uv": [0, 0, 1, 0.5], "texture": "#0"},
				"south": {"uv": [0, 0, 1, 0.5], "texture": "#0"},
				"west": {"uv": [0, 0, 1, 0.5], "texture": "#0"},
				"up": {"uv": [0, 0, 1, 0.5], "texture": "#0"},
				"down": {"uv": [0, 0, 1, 0.5], "texture": "#0"}
			}
		},
		{
			"from": [15, 4, 1],
			"to": [16, 5, 2],
			"rotation": {"angle": 0, "axis": "y", "origin": [23, 4, 9]},
			"faces": {
				"north": {"uv": [0, 0, 1, 0.5], "texture": "#0"},
				"east": {"uv": [0, 0, 1, 0.5], "texture": "#0"},
				"south": {"uv": [0, 0, 1, 0.5], "texture": "#0"},
				"west": {"uv": [0, 0, 1, 0.5], "texture": "#0"},
				"up": {"uv": [0, 0, 1, 0.5], "texture": "#0"},
				"down": {"uv": [0, 0, 1, 0.5], "texture": "#0"}
			}
		},
		{
			"from": [15, 10, 2],
			"to": [16, 12, 3],
			"rotation": {"angle": 0, "axis": "y", "origin": [23, 10, 10]},
			"faces": {
				"north": {"uv": [0, 0, 1, 1], "texture": "#0"},
				"east": {"uv": [0, 0, 1, 1], "texture": "#0"},
				"south": {"uv": [0, 0, 1, 1], "texture": "#0"},
				"west": {"uv": [0, 0, 1, 1], "texture": "#0"},
				"up": {"uv": [0, 0, 1, 1], "texture": "#0"},
				"down": {"uv": [0, 0, 1, 1], "texture": "#0"}
			}
		},
		{
			"from": [15, 6, 3],
			"to": [16, 8, 4],
			"rotation": {"angle": 0, "axis": "y", "origin": [23, 6, 11]},
			"faces": {
				"north": {"uv": [0, 0, 1, 1], "texture": "#0"},
				"east": {"uv": [0, 0, 1, 1], "texture": "#0"},
				"south": {"uv": [0, 0, 1, 1], "texture": "#0"},
				"west": {"uv": [0, 0, 1, 1], "texture": "#0"},
				"up": {"uv": [0, 0, 1, 1], "texture": "#0"},
				"down": {"uv": [0, 0, 1, 1], "texture": "#0"}
			}
		},
		{
			"from": [15, 6, 13],
			"to": [16, 8, 14],
			"rotation": {"angle": 0, "axis": "y", "origin": [23, 6, 21]},
			"faces": {
				"north": {"uv": [0, 0, 1, 1], "texture": "#0"},
				"east": {"uv": [0, 0, 1, 1], "texture": "#0"},
				"south": {"uv": [0, 0, 1, 1], "texture": "#0"},
				"west": {"uv": [0, 0, 1, 1], "texture": "#0"},
				"up": {"uv": [0, 0, 1, 1], "texture": "#0"},
				"down": {"uv": [0, 0, 1, 1], "texture": "#0"}
			}
		},
		{
			"from": [15, 11, 3],
			"to": [16, 12, 16],
			"rotation": {"angle": 0, "axis": "y", "origin": [23, 10, 11]},
			"faces": {
				"north": {"uv": [0, 0, 13, 0.5], "texture": "#0"},
				"east": {"uv": [0, 0, 13, 0.5], "texture": "#0"},
				"south": {"uv": [0, 0, 13, 0.5], "texture": "#0"},
				"west": {"uv": [0, 0, 13, 0.5], "texture": "#0"},
				"up": {"uv": [0, 0, 13, 0.5], "texture": "#0"},
				"down": {"uv": [0, 0, 13, 0.5], "texture": "#0"}
			}
		},
		{
			"from": [15, 7, 4],
			"to": [16, 8, 13],
			"rotation": {"angle": 0, "axis": "y", "origin": [23, 6, 10]},
			"faces": {
				"north": {"uv": [0, 0, 9, 0.5], "texture": "#0"},
				"east": {"uv": [0, 0, 9, 0.5], "texture": "#0"},
				"south": {"uv": [0, 0, 9, 0.5], "texture": "#0"},
				"west": {"uv": [0, 0, 9, 0.5], "texture": "#0"},
				"up": {"uv": [0, 0, 9, 0.5], "texture": "#0"},
				"down": {"uv": [0, 0, 9, 0.5], "texture": "#0"}
			}
		},
		{
			"from": [0, 12, 3],
			"to": [16, 12.5, 6],
			"rotation": {"angle": 0, "axis": "y", "origin": [9, 10, 11]},
			"faces": {
				"north": {"uv": [0, 0.75, 16, 1.25], "texture": "#1"},
				"east": {"uv": [0, 0.75, 16, 1.25], "texture": "#1"},
				"south": {"uv": [0, 0.75, 16, 1.25], "texture": "#1"},
				"west": {"uv": [0, 0.75, 4, 1.25], "texture": "#1"},
				"up": {"uv": [0, 1.3125, 16, 3.3125], "texture": "#1"},
				"down": {"uv": [0, 0.75, 16, 1.25], "texture": "#1"}
			}
		},
		{
			"from": [0, 11, 1],
			"to": [16, 11.5, 2],
			"rotation": {"angle": 0, "axis": "y", "origin": [9, 9, 7]},
			"faces": {
				"north": {"uv": [0, 0.75, 16, 1.25], "texture": "#1"},
				"east": {"uv": [0, 0.75, 16, 1.25], "texture": "#1"},
				"south": {"uv": [0, 0.75, 16, 1.25], "texture": "#1"},
				"west": {"uv": [0, 0.75, 1, 1.25], "texture": "#1"},
				"up": {"uv": [0, 0.75, 16, 1.25], "texture": "#1"},
				"down": {"uv": [0, 0.75, 16, 1.25], "texture": "#1"}
			}
		},
		{
			"from": [0, 10, 0],
			"to": [16, 10.5, 1],
			"rotation": {"angle": 0, "axis": "y", "origin": [9, 8, 6]},
			"faces": {
				"north": {"uv": [0, 0.75, 16, 1.25], "texture": "#1"},
				"east": {"uv": [0, 0.75, 16, 1.25], "texture": "#1"},
				"south": {"uv": [0, 0.75, 16, 1.25], "texture": "#1"},
				"west": {"uv": [0, 0.75, 1, 1.25], "texture": "#1"},
				"up": {"uv": [0, 0.75, 16, 1.25], "texture": "#1"},
				"down": {"uv": [0, 0.75, 16, 1.25], "texture": "#1"}
			}
		},
		{
			"from": [0, 12, 7],
			"to": [16, 12.5, 10],
			"rotation": {"angle": 0, "axis": "y", "origin": [9, 10, 15]},
			"faces": {
				"north": {"uv": [0, 0.75, 16, 1.25], "texture": "#1"},
				"east": {"uv": [0, 0.75, 16, 1.25], "texture": "#1"},
				"south": {"uv": [0, 0.75, 16, 1.25], "texture": "#1"},
				"west": {"uv": [0, 0.75, 4, 1.25], "texture": "#1"},
				"up": {"uv": [0, 8.5, 16, 10.5], "texture": "#1"},
				"down": {"uv": [0, 0.75, 16, 1.25], "texture": "#1"}
			}
		},
		{
			"from": [0, 12, 11],
			"to": [16, 12.5, 14],
			"rotation": {"angle": 0, "axis": "y", "origin": [9, 10, 20]},
			"faces": {
				"north": {"uv": [0, 0.75, 16, 1.25], "texture": "#1"},
				"east": {"uv": [0, 0.75, 16, 1.25], "texture": "#1"},
				"south": {"uv": [0, 0.75, 16, 1.25], "texture": "#1"},
				"west": {"uv": [0, 0.75, 4, 1.25], "texture": "#1"},
				"up": {"uv": [0, 9.8125, 16, 11.8125], "texture": "#1"},
				"down": {"uv": [0, 0.75, 16, 1.25], "texture": "#1"}
			}
		},
		{
			"from": [0, 13, 14.8],
			"to": [15, 16, 15.3],
			"rotation": {"angle": 0, "axis": "y", "origin": [8, 11, 22]},
			"faces": {
				"north": {"uv": [0, 1.1875, 16, 3.1875], "texture": "#1"},
				"east": {"uv": [0, 0.75, 16, 1.25], "texture": "#1"},
				"south": {"uv": [0, 0.75, 16, 1.25], "texture": "#1"},
				"west": {"uv": [0, 0.75, 16, 1.25], "texture": "#1"},
				"up": {"uv": [0, 0.75, 16, 1.25], "texture": "#1"},
				"down": {"uv": [0, 0.75, 16, 1.25], "texture": "#1"}
			}
		},
		{
			"from": [0, 17, 14.8],
			"to": [15, 20, 15.3],
			"rotation": {"angle": 0, "axis": "y", "origin": [8, 15, 22]},
			"faces": {
				"north": {"uv": [0, 1.1875, 16, 3.1875], "texture": "#1"},
				"east": {"uv": [0, 0.75, 16, 1.25], "texture": "#1"},
				"south": {"uv": [0, 0.75, 16, 1.25], "texture": "#1"},
				"west": {"uv": [0, 0.75, 16, 1.25], "texture": "#1"},
				"up": {"uv": [0, 0.75, 16, 1.25], "texture": "#1"},
				"down": {"uv": [0, 0.75, 16, 1.25], "texture": "#1"}
			}
		},
		{
			"from": [0, 21, 14.8],
			"to": [15, 23, 15.3],
			"rotation": {"angle": 0, "axis": "y", "origin": [8, 19, 22]},
			"faces": {
				"north": {"uv": [0, 0.75, 16, 2.25], "texture": "#1"},
				"east": {"uv": [0, 0.75, 16, 1.25], "texture": "#1"},
				"south": {"uv": [0, 0.75, 16, 1.25], "texture": "#1"},
				"west": {"uv": [0, 0.75, 16, 1.25], "texture": "#1"},
				"up": {"uv": [0, 0.75, 16, 1.25], "texture": "#1"},
				"down": {"uv": [0, 0.75, 16, 1.25], "texture": "#1"}
			}
		},
		{
			"from": [0, 23, 15.8],
			"to": [15, 25, 16.3],
			"rotation": {"angle": 0, "axis": "y", "origin": [8, 20, 23]},
			"faces": {
				"north": {"uv": [0, 0.75, 16, 2.25], "texture": "#1"},
				"east": {"uv": [0, 0.75, 16, 1.25], "texture": "#1"},
				"south": {"uv": [0, 0.75, 16, 1.25], "texture": "#1"},
				"west": {"uv": [0, 0.75, 16, 1.25], "texture": "#1"},
				"up": {"uv": [0, 0.75, 16, 1.25], "texture": "#1"},
				"down": {"uv": [0, 0.75, 16, 1.25], "texture": "#1"}
			}
		},
		{
			"from": [0, 25, 16.8],
			"to": [15, 26, 17.3],
			"rotation": {"angle": 0, "axis": "y", "origin": [8, 21, 24]},
			"faces": {
				"north": {"uv": [0, 0.75, 16, 1.75], "texture": "#1"},
				"east": {"uv": [0, 0.75, 16, 1.25], "texture": "#1"},
				"south": {"uv": [0, 0.75, 16, 1.25], "texture": "#1"},
				"west": {"uv": [0, 0.75, 16, 1.25], "texture": "#1"},
				"up": {"uv": [0, 0.75, 16, 1.25], "texture": "#1"},
				"down": {"uv": [0, 0.75, 16, 1.25], "texture": "#1"}
			}
		}
	],
	"display": {
		"fixed": {
			"rotation": [0, 90, 0],
			"translation": [-0.5, 0, 18],
			"scale": [2, 2, 2]
		}
	},
	"groups": [
		{
			"name": "Poles",
			"origin": [8, 8, 8],
			"children": [0, 1, 2, 3, 4, 5, 6, 7, 8, 9, 10, 11, 12, 13, 14, 15, 16, 17, 18, 19, 20, 21, 22, 23, 24]
		},
		{
			"name": "Planks",
			"origin": [8, 8, 8],
			"children": [25, 26, 27, 28, 29, 30, 31, 32, 33, 34]
		}
	]
}