{
	"credit": "Made with Blockbench",
	"textures": {
		"0": "Minetopia/planks_spruce",
		"1": "Minetopia/weed_undergrond",
		"2": "Minetopia/melon_side",
		"particle": "Minetopia/planks_spruce"
	},
	"elements": [
		{
			"name": "disc",
			"from": [0, 0, 0],
			"to": [16, 1, 16],
			"faces": {
				"north": {"uv": [0, 0, 16, 1], "texture": "#0"},
				"east": {"uv": [0, 0, 16, 1], "texture": "#0"},
				"south": {"uv": [0, 0, 16, 1], "texture": "#0"},
				"west": {"uv": [0, 0, 16, 1], "texture": "#0"},
				"up": {"uv": [0, 0, 16, 1], "texture": "#0"},
				"down": {"uv": [0, 0, 16, 16], "texture": "#0"}
			}
		},
		{
			"name": "disc",
			"from": [0, 2, 0],
			"to": [16, 3, 16],
			"rotation": {"angle": 0, "axis": "y", "origin": [8, 10, 8]},
			"faces": {
				"north": {"uv": [0, 15, 16, 16], "texture": "#0"},
				"east": {"uv": [0, 15, 16, 16], "texture": "#0"},
				"south": {"uv": [0, 15, 16, 16], "texture": "#0"},
				"west": {"uv": [0, 15, 16, 16], "texture": "#0"},
				"up": {"uv": [0, 0, 16, 16], "texture": "#0"},
				"down": {"uv": [0, 15, 16, 16], "texture": "#0"}
			}
		},
		{
			"name": "disc",
			"from": [0.2, 1, 0.2],
			"to": [15.8, 2, 15.8],
			"rotation": {"angle": 0, "axis": "y", "origin": [8, 9, 8]},
			"faces": {
				"north": {"uv": [0, 3.5, 15.6, 4], "texture": "#0"},
				"east": {"uv": [0, 3.5, 15.6, 4], "texture": "#0"},
				"south": {"uv": [0, 3.5, 15.6, 4], "texture": "#0"},
				"west": {"uv": [0, 3.5, 15.6, 4], "texture": "#0"},
				"up": {"uv": [0, 3.5, 15.6, 4], "texture": "#0"},
				"down": {"uv": [0, 3.5, 15.6, 4], "texture": "#0"}
			}
		},
		{
			"name": "Grass",
			"from": [1, 3, 1],
			"to": [15, 4, 15],
			"rotation": {"angle": 0, "axis": "y", "origin": [9, 8, 9]},
			"faces": {
				"north": {"uv": [0, 0, 14, 1], "texture": "#1"},
				"east": {"uv": [0, 0, 14, 1], "texture": "#1"},
				"south": {"uv": [0, 0, 14, 1], "texture": "#1"},
				"west": {"uv": [0, 0, 14, 1], "texture": "#1"},
				"up": {"uv": [0, 1, 15, 16], "texture": "#1"},
				"down": {"uv": [0, 0, 14, 1], "texture": "#1"}
			}
		},
		{
			"name": "leaf",
			"from": [4, 8.5, 11],
			"to": [5, 9, 14],
			"rotation": {"angle": -22.5, "axis": "x", "origin": [12, 1, 19]},
			"faces": {
				"north": {"uv": [2.5, 2, 3, 6], "rotation": 90, "texture": "#2"},
				"east": {"uv": [2.5, 2, 3, 6], "rotation": 90, "texture": "#2"},
				"south": {"uv": [2.5, 2, 3, 6], "rotation": 90, "texture": "#2"},
				"west": {"uv": [2.5, 2, 3, 6], "rotation": 90, "texture": "#2"},
				"up": {"uv": [2.5, 2, 3, 6], "rotation": 90, "texture": "#2"},
				"down": {"uv": [2.5, 2, 3, 6], "rotation": 90, "texture": "#2"}
			}
		},
		{
			"name": "leaf",
			"from": [4, 10, 11],
			"to": [5, 10.5, 13],
			"rotation": {"angle": -22.5, "axis": "x", "origin": [12, 3, 19]},
			"faces": {
				"north": {"uv": [3, 2.5, 3.5, 5.5], "rotation": 90, "texture": "#2"},
				"east": {"uv": [3, 2.5, 3.5, 5.5], "rotation": 90, "texture": "#2"},
				"south": {"uv": [3, 2.5, 3.5, 5.5], "rotation": 90, "texture": "#2"},
				"west": {"uv": [3, 2.5, 3.5, 5.5], "rotation": 90, "texture": "#2"},
				"up": {"uv": [3, 2.5, 3.5, 5.5], "rotation": 90, "texture": "#2"},
				"down": {"uv": [3, 2.5, 3.5, 5.5], "rotation": 90, "texture": "#2"}
			}
		},
		{
			"name": "leaf",
			"from": [3, 12, 12],
			"to": [4, 12.5, 13],
			"rotation": {"angle": -22.5, "axis": "x", "origin": [11, 5, 19]},
			"faces": {
				"north": {"uv": [3, 3.5, 3.5, 4.5], "rotation": 90, "texture": "#2"},
				"east": {"uv": [3, 3.5, 3.5, 4.5], "rotation": 90, "texture": "#2"},
				"south": {"uv": [3, 3.5, 3.5, 4.5], "rotation": 90, "texture": "#2"},
				"west": {"uv": [3, 3.5, 3.5, 4.5], "rotation": 90, "texture": "#2"},
				"up": {"uv": [3, 3.5, 3.5, 4.5], "rotation": 90, "texture": "#2"},
				"down": {"uv": [3, 3.5, 3.5, 4.5], "rotation": 90, "texture": "#2"}
			}
		},
		{
			"name": "leaf",
			"from": [4, 5.5, 2],
			"to": [5, 6, 5],
			"rotation": {"angle": 22.5, "axis": "y", "origin": [13, -5, 7]},
			"faces": {
				"north": {"uv": [2.5, 1.5, 3, 5.5], "rotation": 90, "texture": "#2"},
				"east": {"uv": [2.5, 1.5, 3, 5.5], "rotation": 90, "texture": "#2"},
				"south": {"uv": [2.5, 1.5, 3, 5.5], "rotation": 90, "texture": "#2"},
				"west": {"uv": [2.5, 1.5, 3, 5.5], "rotation": 90, "texture": "#2"},
				"up": {"uv": [2.5, 1.5, 3, 5.5], "rotation": 90, "texture": "#2"},
				"down": {"uv": [2.5, 1.5, 3, 5.5], "rotation": 90, "texture": "#2"}
			}
		},
		{
			"name": "leaf",
			"from": [5, 7, 3],
			"to": [6, 7.5, 5],
			"rotation": {"angle": 22.5, "axis": "y", "origin": [14, -5, 9]},
			"faces": {
				"north": {"uv": [2, 1.5, 2.5, 4.5], "rotation": 90, "texture": "#2"},
				"east": {"uv": [2, 1.5, 2.5, 4.5], "rotation": 90, "texture": "#2"},
				"south": {"uv": [2, 1.5, 2.5, 4.5], "rotation": 90, "texture": "#2"},
				"west": {"uv": [2, 1.5, 2.5, 4.5], "rotation": 90, "texture": "#2"},
				"up": {"uv": [2, 1.5, 2.5, 4.5], "rotation": 90, "texture": "#2"},
				"down": {"uv": [2, 1.5, 2.5, 4.5], "rotation": 90, "texture": "#2"}
			}
		},
		{
			"name": "leaf",
			"from": [4, 9, 4],
			"to": [5, 9.5, 5],
			"rotation": {"angle": 22.5, "axis": "y", "origin": [14, -5, 11]},
			"faces": {
				"north": {"uv": [1.5, 12.5, 2, 14.5], "rotation": 90, "texture": "#2"},
				"east": {"uv": [1.5, 12.5, 2, 14.5], "rotation": 90, "texture": "#2"},
				"south": {"uv": [1.5, 12.5, 2, 14.5], "rotation": 90, "texture": "#2"},
				"west": {"uv": [1.5, 12.5, 2, 14.5], "rotation": 90, "texture": "#2"},
				"up": {"uv": [1.5, 12.5, 2, 14.5], "rotation": 90, "texture": "#2"},
				"down": {"uv": [1.5, 12.5, 2, 14.5], "rotation": 90, "texture": "#2"}
			}
		},
		{
			"name": "plant_stem",
			"from": [4, 4, 8],
			"to": [5, 8, 9],
			"rotation": {"angle": 0, "axis": "y", "origin": [12, 12, 16]},
			"faces": {
				"north": {"uv": [1.5, 0, 2.5, 4], "texture": "#2"},
				"east": {"uv": [1.5, 0, 2.5, 4], "texture": "#2"},
				"south": {"uv": [1.5, 0, 2.5, 4], "texture": "#2"},
				"west": {"uv": [1.5, 0, 2.5, 4], "texture": "#2"},
				"up": {"uv": [1.5, 0, 2.5, 4], "texture": "#2"},
				"down": {"uv": [1.5, 0, 2.5, 4], "texture": "#2"}
			}
		},
		{
			"name": "plant_stem",
			"from": [4.5, 3, 8],
			"to": [5, 4, 9],
			"rotation": {"angle": 0, "axis": "y", "origin": [12, 11, 16]},
			"faces": {
				"north": {"uv": [1.5, 2.5, 2.5, 4], "texture": "#2"},
				"east": {"uv": [1.5, 2.5, 2.5, 4], "texture": "#2"},
				"south": {"uv": [1.5, 2.5, 2.5, 4], "texture": "#2"},
				"west": {"uv": [1.5, 2.5, 2.5, 4], "texture": "#2"},
				"up": {"uv": [1.5, 2.5, 2.5, 4], "texture": "#2"},
				"down": {"uv": [1.5, 2.5, 2.5, 4], "texture": "#2"}
			}
		},
		{
			"name": "plant_stem",
			"from": [3.5, 6, 8.5],
			"to": [4, 7, 9.5],
			"rotation": {"angle": 0, "axis": "y", "origin": [11, 14, 16]},
			"faces": {
				"north": {"uv": [1.5, 2.5, 2.5, 4], "texture": "#2"},
				"east": {"uv": [1.5, 2.5, 2.5, 4], "texture": "#2"},
				"south": {"uv": [1.5, 2.5, 2.5, 4], "texture": "#2"},
				"west": {"uv": [1.5, 2.5, 2.5, 4], "texture": "#2"},
				"up": {"uv": [1.5, 2.5, 2.5, 4], "texture": "#2"},
				"down": {"uv": [1.5, 2.5, 2.5, 4], "texture": "#2"}
			}
		},
		{
			"name": "plant_stem",
			"from": [5, 4, 8],
			"to": [5.5, 5, 9],
			"rotation": {"angle": 0, "axis": "y", "origin": [13, 12, 16]},
			"faces": {
				"north": {"uv": [1.5, 2.5, 2.5, 4], "texture": "#2"},
				"east": {"uv": [1.5, 2.5, 2.5, 4], "texture": "#2"},
				"south": {"uv": [1.5, 2.5, 2.5, 4], "texture": "#2"},
				"west": {"uv": [1.5, 2.5, 2.5, 4], "texture": "#2"},
				"up": {"uv": [1.5, 2.5, 2.5, 4], "texture": "#2"},
				"down": {"uv": [1.5, 2.5, 2.5, 4], "texture": "#2"}
			}
		},
		{
			"name": "plant_stem",
			"from": [3, 7, 9],
			"to": [4, 10, 10],
			"rotation": {"angle": 0, "axis": "y", "origin": [11, 15, 17]},
			"faces": {
				"north": {"uv": [0, 0, 1, 3], "texture": "#2"},
				"east": {"uv": [0, 0, 1, 3], "texture": "#2"},
				"south": {"uv": [0, 0, 1, 3], "texture": "#2"},
				"west": {"uv": [0, 0, 1, 3], "texture": "#2"},
				"up": {"uv": [0, 0, 1, 3], "texture": "#2"},
				"down": {"uv": [0, 0, 1, 3], "texture": "#2"}
			}
		},
		{
			"name": "leaf",
			"from": [11.1, 9.5, 14],
			"to": [12.1, 10, 15.5],
			"rotation": {"angle": -22.5, "axis": "x", "origin": [19, 3, 22]},
			"faces": {
				"north": {"uv": [3, 2.5, 3.5, 5.5], "rotation": 90, "texture": "#2"},
				"east": {"uv": [3, 2.5, 3.5, 5.5], "rotation": 90, "texture": "#2"},
				"south": {"uv": [3, 2.5, 3.5, 5.5], "rotation": 90, "texture": "#2"},
				"west": {"uv": [3, 2.5, 3.5, 5.5], "rotation": 90, "texture": "#2"},
				"up": {"uv": [3, 2.5, 3.5, 5.5], "rotation": 90, "texture": "#2"},
				"down": {"uv": [3, 2.5, 3.5, 5.5], "rotation": 90, "texture": "#2"}
			}
		},
		{
			"name": "leaf",
			"from": [11, 5.5, 6],
			"to": [12, 6, 8],
			"rotation": {"angle": 22.5, "axis": "y", "origin": [20, -5, 10]},
			"faces": {
				"north": {"uv": [2.5, 1.5, 3, 5.5], "rotation": 90, "texture": "#2"},
				"east": {"uv": [2.5, 1.5, 3, 5.5], "rotation": 90, "texture": "#2"},
				"south": {"uv": [2.5, 1.5, 3, 5.5], "rotation": 90, "texture": "#2"},
				"west": {"uv": [2.5, 1.5, 3, 5.5], "rotation": 90, "texture": "#2"},
				"up": {"uv": [2.5, 1.5, 3, 5.5], "rotation": 90, "texture": "#2"},
				"down": {"uv": [2.5, 1.5, 3, 5.5], "rotation": 90, "texture": "#2"}
			}
		},
		{
			"name": "plant_stem",
			"from": [11, 3, 11],
			"to": [12, 7, 12],
			"rotation": {"angle": 0, "axis": "y", "origin": [19, 11, 19]},
			"faces": {
				"north": {"uv": [1.5, 0, 2.5, 4], "texture": "#2"},
				"east": {"uv": [1.5, 0, 2.5, 4], "texture": "#2"},
				"south": {"uv": [1.5, 0, 2.5, 4], "texture": "#2"},
				"west": {"uv": [1.5, 0, 2.5, 4], "texture": "#2"},
				"up": {"uv": [1.5, 0, 2.5, 4], "texture": "#2"},
				"down": {"uv": [1.5, 0, 2.5, 4], "texture": "#2"}
			}
		},
		{
			"name": "plant_stem",
			"from": [10.5, 6, 11.5],
			"to": [11, 7, 12.5],
			"rotation": {"angle": 0, "axis": "y", "origin": [18, 14, 19]},
			"faces": {
				"north": {"uv": [1.5, 2.5, 2.5, 4], "texture": "#2"},
				"east": {"uv": [1.5, 2.5, 2.5, 4], "texture": "#2"},
				"south": {"uv": [1.5, 2.5, 2.5, 4], "texture": "#2"},
				"west": {"uv": [1.5, 2.5, 2.5, 4], "texture": "#2"},
				"up": {"uv": [1.5, 2.5, 2.5, 4], "texture": "#2"},
				"down": {"uv": [1.5, 2.5, 2.5, 4], "texture": "#2"}
			}
		},
		{
			"name": "weed 3",
			"from": [11, 4, 2],
			"to": [12.5, 5, 3],
			"rotation": {"angle": 0, "axis": "y", "origin": [20, 12, 10]},
			"faces": {
				"north": {"uv": [1.5, 2.5, 2.5, 4], "texture": "#2"},
				"east": {"uv": [1.5, 2.5, 2.5, 4], "texture": "#2"},
				"south": {"uv": [1.5, 2.5, 2.5, 4], "texture": "#2"},
				"west": {"uv": [1.5, 2.5, 2.5, 4], "texture": "#2"},
				"up": {"uv": [1.5, 2.5, 2.5, 4], "texture": "#2"},
				"down": {"uv": [1.5, 2.5, 2.5, 4], "texture": "#2"}
			}
		}
	],
	"display": {
		"thirdperson_righthand": {
			"rotation": [67, -86, 0],
			"translation": [-6, 6.5, 4.25]
		},
		"thirdperson_lefthand": {
			"rotation": [67, 90, 0],
			"translation": [-6, 6.5, 4.25]
		},
		"firstperson_righthand": {
			"rotation": [0, 54, 0],
			"translation": [-3, 5, 1.5]
		},
		"firstperson_lefthand": {
			"rotation": [0, -89, 0],
			"translation": [-3, 4.5, 1.5]
		},
		"ground": {
			"translation": [0, 1, 0]
		},
		"gui": {
			"scale": [1, 1, 0.87]
		},
		"head": {
			"rotation": [0, -90, 0],
			"translation": [0, 9.75, 0],
			"scale": [0.9, 1, 0.9]
		},
		"fixed": {
			"translation": [0, 0, -2],
			"scale": [1, 1, 0.3]
		}
	},
	"groups": [
		{
			"name": "Plate",
			"origin": [8, 8, 8],
			"children": [0, 1, 2]
		}, 3,
		{
			"name": "Weed",
			"origin": [8, 8, 8],
			"children": [
				{
					"name": "leaf_right",
					"origin": [8, 8, 8],
					"children": [4, 5, 6]
				},
				{
					"name": "leaf_left",
					"origin": [8, 8, 8],
					"children": [7, 8, 9]
				},
				{
					"name": "stem",
					"origin": [8, 8, 8],
					"children": [10, 11, 12, 13, 14]
				}
			]
		},
		{
			"name": "Weed",
			"origin": [8, 8, 8],
			"children": [
				{
					"name": "leaf_right",
					"origin": [8, 8, 8],
					"children": [15]
				},
				{
					"name": "leaf_left",
					"origin": [8, 8, 8],
					"children": [16]
				},
				{
					"name": "stem",
					"origin": [8, 8, 8],
					"children": [17, 18]
				}
			]
		}, 19]
}