{
	"credit": "Made with Blockbench",
	"textures": {
		"0": "Minetopia/planks_spruce",
		"1": "Minetopia/weed_undergrond",
		"2": "Minetopia/melon_side",
		"particle": "Minetopia/planks_spruce"
	},
	"elements": [
		{
			"name": "disc",
			"from": [0, 0, 0],
			"to": [16, 1, 16],
			"faces": {
				"north": {"uv": [0, 0, 16, 1], "texture": "#0"},
				"east": {"uv": [0, 0, 16, 1], "texture": "#0"},
				"south": {"uv": [0, 0, 16, 1], "texture": "#0"},
				"west": {"uv": [0, 0, 16, 1], "texture": "#0"},
				"up": {"uv": [0, 0, 16, 1], "texture": "#0"},
				"down": {"uv": [0, 0, 16, 16], "texture": "#0"}
			}
		},
		{
			"name": "disc",
			"from": [0, 2, 0],
			"to": [16, 3, 16],
			"rotation": {"angle": 0, "axis": "y", "origin": [8, 10, 8]},
			"faces": {
				"north": {"uv": [0, 15, 16, 16], "texture": "#0"},
				"east": {"uv": [0, 15, 16, 16], "texture": "#0"},
				"south": {"uv": [0, 15, 16, 16], "texture": "#0"},
				"west": {"uv": [0, 15, 16, 16], "texture": "#0"},
				"up": {"uv": [0, 0, 16, 16], "texture": "#0"},
				"down": {"uv": [0, 15, 16, 16], "texture": "#0"}
			}
		},
		{
			"name": "disc",
			"from": [0.2, 1, 0.2],
			"to": [15.8, 2, 15.8],
			"rotation": {"angle": 0, "axis": "y", "origin": [8, 9, 8]},
			"faces": {
				"north": {"uv": [0, 3.5, 15.6, 4], "texture": "#0"},
				"east": {"uv": [0, 3.5, 15.6, 4], "texture": "#0"},
				"south": {"uv": [0, 3.5, 15.6, 4], "texture": "#0"},
				"west": {"uv": [0, 3.5, 15.6, 4], "texture": "#0"},
				"up": {"uv": [0, 3.5, 15.6, 4], "texture": "#0"},
				"down": {"uv": [0, 3.5, 15.6, 4], "texture": "#0"}
			}
		},
		{
			"name": "Grass",
			"from": [1, 3, 1],
			"to": [15, 4, 15],
			"rotation": {"angle": 0, "axis": "y", "origin": [9, 8, 9]},
			"faces": {
				"north": {"uv": [0, 0, 14, 1], "texture": "#1"},
				"east": {"uv": [0, 0, 14, 1], "texture": "#1"},
				"south": {"uv": [0, 0, 14, 1], "texture": "#1"},
				"west": {"uv": [0, 0, 14, 1], "texture": "#1"},
				"up": {"uv": [0, 1, 15, 16], "texture": "#1"},
				"down": {"uv": [0, 0, 14, 1], "texture": "#1"}
			}
		},
		{
			"name": "leaf",
			"from": [5, 10, 11],
			"to": [6, 10.5, 15],
			"rotation": {"angle": -22.5, "axis": "x", "origin": [13, 3, 19]},
			"faces": {
				"north": {"uv": [3, 2.5, 3.5, 6.5], "rotation": 90, "texture": "#2"},
				"east": {"uv": [3, 2.5, 3.5, 6.5], "rotation": 90, "texture": "#2"},
				"south": {"uv": [3, 2.5, 3.5, 6.5], "rotation": 90, "texture": "#2"},
				"west": {"uv": [3, 2.5, 3.5, 6.5], "rotation": 90, "texture": "#2"},
				"up": {"uv": [3, 2.5, 3.5, 6.5], "rotation": 90, "texture": "#2"},
				"down": {"uv": [3, 2.5, 3.5, 6.5], "rotation": 90, "texture": "#2"}
			}
		},
		{
			"name": "leaf",
			"from": [5, 12, 11],
			"to": [6, 12.5, 14],
			"rotation": {"angle": -22.5, "axis": "x", "origin": [13, 5, 19]},
			"faces": {
				"north": {"uv": [1.5, 1, 2, 4], "rotation": 90, "texture": "#2"},
				"east": {"uv": [1.5, 1, 2, 4], "rotation": 90, "texture": "#2"},
				"south": {"uv": [1.5, 1, 2, 4], "rotation": 90, "texture": "#2"},
				"west": {"uv": [1.5, 1, 2, 4], "rotation": 90, "texture": "#2"},
				"up": {"uv": [1.5, 1, 2, 4], "rotation": 90, "texture": "#2"},
				"down": {"uv": [1.5, 1, 2, 4], "rotation": 90, "texture": "#2"}
			}
		},
		{
			"name": "leaf",
			"from": [5.1, 11.5, 11],
			"to": [6.1, 12, 13.5],
			"rotation": {"angle": -22.5, "axis": "x", "origin": [13, 5, 19]},
			"faces": {
				"north": {"uv": [1.5, 1, 2, 4], "rotation": 90, "texture": "#2"},
				"east": {"uv": [1.5, 1, 2, 4], "rotation": 90, "texture": "#2"},
				"south": {"uv": [1.5, 1, 2, 4], "rotation": 90, "texture": "#2"},
				"west": {"uv": [1.5, 1, 2, 4], "rotation": 90, "texture": "#2"},
				"up": {"uv": [1.5, 1, 2, 4], "rotation": 90, "texture": "#2"},
				"down": {"uv": [1.5, 1, 2, 4], "rotation": 90, "texture": "#2"}
			}
		},
		{
			"name": "leaf",
			"from": [4, 13.5, 11],
			"to": [5, 14, 15],
			"rotation": {"angle": -22.5, "axis": "x", "origin": [12, 6, 19]},
			"faces": {
				"north": {"uv": [2.5, 2, 3, 6], "rotation": 90, "texture": "#2"},
				"east": {"uv": [2.5, 2, 3, 6], "rotation": 90, "texture": "#2"},
				"south": {"uv": [2.5, 2, 3, 6], "rotation": 90, "texture": "#2"},
				"west": {"uv": [2.5, 2, 3, 6], "rotation": 90, "texture": "#2"},
				"up": {"uv": [2.5, 2, 3, 6], "rotation": 90, "texture": "#2"},
				"down": {"uv": [2.5, 2, 3, 6], "rotation": 90, "texture": "#2"}
			}
		},
		{
			"name": "leaf",
			"from": [4, 13, 11],
			"to": [5, 13.5, 14.5],
			"rotation": {"angle": -22.5, "axis": "x", "origin": [12, 6, 19]},
			"faces": {
				"north": {"uv": [2.5, 2, 3, 6], "rotation": 90, "texture": "#2"},
				"east": {"uv": [2.5, 2, 3, 6], "rotation": 90, "texture": "#2"},
				"south": {"uv": [2.5, 2, 3, 6], "rotation": 90, "texture": "#2"},
				"west": {"uv": [2.5, 2, 3, 6], "rotation": 90, "texture": "#2"},
				"up": {"uv": [2.5, 2, 3, 6], "rotation": 90, "texture": "#2"},
				"down": {"uv": [2.5, 2, 3, 6], "rotation": 90, "texture": "#2"}
			}
		},
		{
			"name": "leaf",
			"from": [4, 15, 11],
			"to": [5, 15.5, 14],
			"rotation": {"angle": -22.5, "axis": "x", "origin": [12, 8, 19]},
			"faces": {
				"north": {"uv": [3, 2.5, 3.5, 5.5], "rotation": 90, "texture": "#2"},
				"east": {"uv": [3, 2.5, 3.5, 5.5], "rotation": 90, "texture": "#2"},
				"south": {"uv": [3, 2.5, 3.5, 5.5], "rotation": 90, "texture": "#2"},
				"west": {"uv": [3, 2.5, 3.5, 5.5], "rotation": 90, "texture": "#2"},
				"up": {"uv": [3, 2.5, 3.5, 5.5], "rotation": 90, "texture": "#2"},
				"down": {"uv": [3, 2.5, 3.5, 5.5], "rotation": 90, "texture": "#2"}
			}
		},
		{
			"name": "leaf",
			"from": [4.1, 14.5, 11],
			"to": [5.1, 15, 13.5],
			"rotation": {"angle": -22.5, "axis": "x", "origin": [12, 8, 19]},
			"faces": {
				"north": {"uv": [3, 2.5, 3.5, 5.5], "rotation": 90, "texture": "#2"},
				"east": {"uv": [3, 2.5, 3.5, 5.5], "rotation": 90, "texture": "#2"},
				"south": {"uv": [3, 2.5, 3.5, 5.5], "rotation": 90, "texture": "#2"},
				"west": {"uv": [3, 2.5, 3.5, 5.5], "rotation": 90, "texture": "#2"},
				"up": {"uv": [3, 2.5, 3.5, 5.5], "rotation": 90, "texture": "#2"},
				"down": {"uv": [3, 2.5, 3.5, 5.5], "rotation": 90, "texture": "#2"}
			}
		},
		{
			"name": "leaf",
			"from": [3, 17, 12],
			"to": [4, 17.5, 13],
			"rotation": {"angle": -22.5, "axis": "x", "origin": [11, 10, 19]},
			"faces": {
				"north": {"uv": [3, 3.5, 3.5, 4.5], "rotation": 90, "texture": "#2"},
				"east": {"uv": [3, 3.5, 3.5, 4.5], "rotation": 90, "texture": "#2"},
				"south": {"uv": [3, 3.5, 3.5, 4.5], "rotation": 90, "texture": "#2"},
				"west": {"uv": [3, 3.5, 3.5, 4.5], "rotation": 90, "texture": "#2"},
				"up": {"uv": [3, 3.5, 3.5, 4.5], "rotation": 90, "texture": "#2"},
				"down": {"uv": [3, 3.5, 3.5, 4.5], "rotation": 90, "texture": "#2"}
			}
		},
		{
			"name": "leaf",
			"from": [3.9, 16.5, 11.5],
			"to": [4.4, 17, 12],
			"rotation": {"angle": -22.5, "axis": "x", "origin": [12, 10, 19]},
			"faces": {
				"north": {"uv": [3, 3.5, 3.5, 4.5], "rotation": 90, "texture": "#2"},
				"east": {"uv": [3, 3.5, 3.5, 4.5], "rotation": 90, "texture": "#2"},
				"south": {"uv": [3, 3.5, 3.5, 4.5], "rotation": 90, "texture": "#2"},
				"west": {"uv": [3, 3.5, 3.5, 4.5], "rotation": 90, "texture": "#2"},
				"up": {"uv": [3, 3.5, 3.5, 4.5], "rotation": 90, "texture": "#2"},
				"down": {"uv": [3, 3.5, 3.5, 4.5], "rotation": 90, "texture": "#2"}
			}
		},
		{
			"name": "leaf",
			"from": [4.9, 14.5, 10.5],
			"to": [5.4, 15, 11],
			"rotation": {"angle": -22.5, "axis": "x", "origin": [13, 8, 18]},
			"faces": {
				"north": {"uv": [3, 3.5, 3.5, 4.5], "rotation": 90, "texture": "#2"},
				"east": {"uv": [3, 3.5, 3.5, 4.5], "rotation": 90, "texture": "#2"},
				"south": {"uv": [3, 3.5, 3.5, 4.5], "rotation": 90, "texture": "#2"},
				"west": {"uv": [3, 3.5, 3.5, 4.5], "rotation": 90, "texture": "#2"},
				"up": {"uv": [3, 3.5, 3.5, 4.5], "rotation": 90, "texture": "#2"},
				"down": {"uv": [3, 3.5, 3.5, 4.5], "rotation": 90, "texture": "#2"}
			}
		},
		{
			"name": "leaf",
			"from": [5.9, 12.5, 11.5],
			"to": [6.4, 13, 12],
			"rotation": {"angle": -22.5, "axis": "x", "origin": [14, 6, 19]},
			"faces": {
				"north": {"uv": [3, 3.5, 3.5, 4.5], "rotation": 90, "texture": "#2"},
				"east": {"uv": [3, 3.5, 3.5, 4.5], "rotation": 90, "texture": "#2"},
				"south": {"uv": [3, 3.5, 3.5, 4.5], "rotation": 90, "texture": "#2"},
				"west": {"uv": [3, 3.5, 3.5, 4.5], "rotation": 90, "texture": "#2"},
				"up": {"uv": [3, 3.5, 3.5, 4.5], "rotation": 90, "texture": "#2"},
				"down": {"uv": [3, 3.5, 3.5, 4.5], "rotation": 90, "texture": "#2"}
			}
		},
		{
			"name": "leaf",
			"from": [5.9, 9.5, 11.5],
			"to": [6.4, 10, 12],
			"rotation": {"angle": -22.5, "axis": "x", "origin": [14, 3, 19]},
			"faces": {
				"north": {"uv": [3, 3.5, 3.5, 4.5], "rotation": 90, "texture": "#2"},
				"east": {"uv": [3, 3.5, 3.5, 4.5], "rotation": 90, "texture": "#2"},
				"south": {"uv": [3, 3.5, 3.5, 4.5], "rotation": 90, "texture": "#2"},
				"west": {"uv": [3, 3.5, 3.5, 4.5], "rotation": 90, "texture": "#2"},
				"up": {"uv": [3, 3.5, 3.5, 4.5], "rotation": 90, "texture": "#2"},
				"down": {"uv": [3, 3.5, 3.5, 4.5], "rotation": 90, "texture": "#2"}
			}
		},
		{
			"name": "leaf",
			"from": [4.9, 9.5, 9.5],
			"to": [5.4, 10, 10],
			"rotation": {"angle": -22.5, "axis": "x", "origin": [13, 3, 17]},
			"faces": {
				"north": {"uv": [3, 3.5, 3.5, 4.5], "rotation": 90, "texture": "#2"},
				"east": {"uv": [3, 3.5, 3.5, 4.5], "rotation": 90, "texture": "#2"},
				"south": {"uv": [3, 3.5, 3.5, 4.5], "rotation": 90, "texture": "#2"},
				"west": {"uv": [3, 3.5, 3.5, 4.5], "rotation": 90, "texture": "#2"},
				"up": {"uv": [3, 3.5, 3.5, 4.5], "rotation": 90, "texture": "#2"},
				"down": {"uv": [3, 3.5, 3.5, 4.5], "rotation": 90, "texture": "#2"}
			}
		},
		{
			"name": "leaf",
			"from": [3.9, 15.5, 9.5],
			"to": [4.4, 16, 10],
			"rotation": {"angle": -22.5, "axis": "x", "origin": [12, 9, 17]},
			"faces": {
				"north": {"uv": [3, 3.5, 3.5, 4.5], "rotation": 90, "texture": "#2"},
				"east": {"uv": [3, 3.5, 3.5, 4.5], "rotation": 90, "texture": "#2"},
				"south": {"uv": [3, 3.5, 3.5, 4.5], "rotation": 90, "texture": "#2"},
				"west": {"uv": [3, 3.5, 3.5, 4.5], "rotation": 90, "texture": "#2"},
				"up": {"uv": [3, 3.5, 3.5, 4.5], "rotation": 90, "texture": "#2"},
				"down": {"uv": [3, 3.5, 3.5, 4.5], "rotation": 90, "texture": "#2"}
			}
		},
		{
			"name": "leaf",
			"from": [5, 6, 3],
			"to": [6, 6.5, 5],
			"rotation": {"angle": 22.5, "axis": "y", "origin": [13, -1, 8]},
			"faces": {
				"north": {"uv": [7, 5, 9.5, 5.5], "rotation": 180, "texture": "#2"},
				"east": {"uv": [7, 5, 9.5, 5.5], "rotation": 180, "texture": "#2"},
				"south": {"uv": [7, 5, 9.5, 5.5], "rotation": 180, "texture": "#2"},
				"west": {"uv": [7, 5, 9.5, 5.5], "rotation": 180, "texture": "#2"},
				"up": {"uv": [7, 5, 9.5, 5.5], "rotation": 180, "texture": "#2"},
				"down": {"uv": [7, 5, 9.5, 5.5], "rotation": 180, "texture": "#2"}
			}
		},
		{
			"name": "leaf",
			"from": [5, 8, 1],
			"to": [6, 8.5, 5],
			"rotation": {"angle": 22.5, "axis": "y", "origin": [13, -1, 7]},
			"faces": {
				"north": {"uv": [7, 4, 9.5, 4.5], "rotation": 180, "texture": "#2"},
				"east": {"uv": [7, 4, 9.5, 4.5], "rotation": 180, "texture": "#2"},
				"south": {"uv": [7, 4, 9.5, 4.5], "rotation": 180, "texture": "#2"},
				"west": {"uv": [7, 4, 9.5, 4.5], "rotation": 180, "texture": "#2"},
				"up": {"uv": [7, 4, 9.5, 4.5], "rotation": 180, "texture": "#2"},
				"down": {"uv": [7, 4, 9.5, 4.5], "rotation": 180, "texture": "#2"}
			}
		},
		{
			"name": "leaf",
			"from": [5.1, 7.5, 1.5],
			"to": [6.1, 8, 5],
			"rotation": {"angle": 22.5, "axis": "y", "origin": [13, -1, 7]},
			"faces": {
				"north": {"uv": [5.5, 4, 8, 4.5], "rotation": 180, "texture": "#2"},
				"east": {"uv": [5.5, 4, 8, 4.5], "rotation": 180, "texture": "#2"},
				"south": {"uv": [5.5, 4, 8, 4.5], "rotation": 180, "texture": "#2"},
				"west": {"uv": [5.5, 4, 8, 4.5], "rotation": 180, "texture": "#2"},
				"up": {"uv": [5.5, 4, 8, 4.5], "rotation": 180, "texture": "#2"},
				"down": {"uv": [5.5, 4, 8, 4.5], "rotation": 180, "texture": "#2"}
			}
		},
		{
			"name": "leaf",
			"from": [4, 10.5, 1],
			"to": [5, 11, 5],
			"rotation": {"angle": 22.5, "axis": "y", "origin": [13, 0, 7]},
			"faces": {
				"north": {"uv": [2.5, 1.5, 3, 5.5], "rotation": 90, "texture": "#2"},
				"east": {"uv": [2.5, 1.5, 3, 5.5], "rotation": 90, "texture": "#2"},
				"south": {"uv": [2.5, 1.5, 3, 5.5], "rotation": 90, "texture": "#2"},
				"west": {"uv": [2.5, 1.5, 3, 5.5], "rotation": 90, "texture": "#2"},
				"up": {"uv": [2.5, 1.5, 3, 5.5], "rotation": 90, "texture": "#2"},
				"down": {"uv": [2.5, 1.5, 3, 5.5], "rotation": 90, "texture": "#2"}
			}
		},
		{
			"name": "leaf",
			"from": [4.1, 10, 1.5],
			"to": [5.1, 10.5, 5],
			"rotation": {"angle": 22.5, "axis": "y", "origin": [13, 0, 7]},
			"faces": {
				"north": {"uv": [2.5, 1.5, 3, 5.5], "rotation": 90, "texture": "#2"},
				"east": {"uv": [2.5, 1.5, 3, 5.5], "rotation": 90, "texture": "#2"},
				"south": {"uv": [2.5, 1.5, 3, 5.5], "rotation": 90, "texture": "#2"},
				"west": {"uv": [2.5, 1.5, 3, 5.5], "rotation": 90, "texture": "#2"},
				"up": {"uv": [2.5, 1.5, 3, 5.5], "rotation": 90, "texture": "#2"},
				"down": {"uv": [2.5, 1.5, 3, 5.5], "rotation": 90, "texture": "#2"}
			}
		},
		{
			"name": "leaf",
			"from": [5, 12, 2],
			"to": [6, 12.5, 5],
			"rotation": {"angle": 22.5, "axis": "y", "origin": [14, 0, 9]},
			"faces": {
				"north": {"uv": [2, 1.5, 2.5, 4.5], "rotation": 90, "texture": "#2"},
				"east": {"uv": [2, 1.5, 2.5, 4.5], "rotation": 90, "texture": "#2"},
				"south": {"uv": [2, 1.5, 2.5, 4.5], "rotation": 90, "texture": "#2"},
				"west": {"uv": [2, 1.5, 2.5, 4.5], "rotation": 90, "texture": "#2"},
				"up": {"uv": [2, 1.5, 2.5, 4.5], "rotation": 90, "texture": "#2"},
				"down": {"uv": [2, 1.5, 2.5, 4.5], "rotation": 90, "texture": "#2"}
			}
		},
		{
			"name": "leaf",
			"from": [5, 11.5, 2.5],
			"to": [6, 12, 5],
			"rotation": {"angle": 22.5, "axis": "y", "origin": [14, 0, 9]},
			"faces": {
				"north": {"uv": [2, 1.5, 2.5, 4.5], "rotation": 90, "texture": "#2"},
				"east": {"uv": [2, 1.5, 2.5, 4.5], "rotation": 90, "texture": "#2"},
				"south": {"uv": [2, 1.5, 2.5, 4.5], "rotation": 90, "texture": "#2"},
				"west": {"uv": [2, 1.5, 2.5, 4.5], "rotation": 90, "texture": "#2"},
				"up": {"uv": [2, 1.5, 2.5, 4.5], "rotation": 90, "texture": "#2"},
				"down": {"uv": [2, 1.5, 2.5, 4.5], "rotation": 90, "texture": "#2"}
			}
		},
		{
			"name": "leaf",
			"from": [4, 14, 4],
			"to": [5, 14.5, 5],
			"rotation": {"angle": 22.5, "axis": "y", "origin": [14, 0, 11]},
			"faces": {
				"north": {"uv": [1.5, 12.5, 2, 14.5], "rotation": 90, "texture": "#2"},
				"east": {"uv": [1.5, 12.5, 2, 14.5], "rotation": 90, "texture": "#2"},
				"south": {"uv": [1.5, 12.5, 2, 14.5], "rotation": 90, "texture": "#2"},
				"west": {"uv": [1.5, 12.5, 2, 14.5], "rotation": 90, "texture": "#2"},
				"up": {"uv": [1.5, 12.5, 2, 14.5], "rotation": 90, "texture": "#2"},
				"down": {"uv": [1.5, 12.5, 2, 14.5], "rotation": 90, "texture": "#2"}
			}
		},
		{
			"name": "plant_stem",
			"from": [5, 2, 8],
			"to": [6, 9, 9],
			"rotation": {"angle": 0, "axis": "y", "origin": [13, 10, 16]},
			"faces": {
				"north": {"uv": [3.5, 0.5, 4.5, 7.5], "texture": "#2"},
				"east": {"uv": [3.5, 0.5, 4.5, 7.5], "texture": "#2"},
				"south": {"uv": [3.5, 0.5, 4.5, 7.5], "texture": "#2"},
				"west": {"uv": [3.5, 0.5, 4.5, 7.5], "texture": "#2"},
				"up": {"uv": [3.5, 0.5, 4.5, 7.5], "texture": "#2"},
				"down": {"uv": [3.5, 0.5, 4.5, 7.5], "texture": "#2"}
			}
		},
		{
			"name": "plant_stem",
			"from": [4, 9, 8],
			"to": [5, 13, 9],
			"rotation": {"angle": 0, "axis": "y", "origin": [12, 17, 16]},
			"faces": {
				"north": {"uv": [1.5, 0, 2.5, 4], "texture": "#2"},
				"east": {"uv": [1.5, 0, 2.5, 4], "texture": "#2"},
				"south": {"uv": [1.5, 0, 2.5, 4], "texture": "#2"},
				"west": {"uv": [1.5, 0, 2.5, 4], "texture": "#2"},
				"up": {"uv": [1.5, 0, 2.5, 4], "texture": "#2"},
				"down": {"uv": [1.5, 0, 2.5, 4], "texture": "#2"}
			}
		},
		{
			"name": "plant_stem",
			"from": [4.5, 8, 8],
			"to": [5, 9, 9],
			"rotation": {"angle": 0, "axis": "y", "origin": [12, 16, 16]},
			"faces": {
				"north": {"uv": [1.5, 2.5, 2.5, 4], "texture": "#2"},
				"east": {"uv": [1.5, 2.5, 2.5, 4], "texture": "#2"},
				"south": {"uv": [1.5, 2.5, 2.5, 4], "texture": "#2"},
				"west": {"uv": [1.5, 2.5, 2.5, 4], "texture": "#2"},
				"up": {"uv": [1.5, 2.5, 2.5, 4], "texture": "#2"},
				"down": {"uv": [1.5, 2.5, 2.5, 4], "texture": "#2"}
			}
		},
		{
			"name": "plant_stem",
			"from": [3.5, 11, 8.5],
			"to": [4, 12, 9.5],
			"rotation": {"angle": 0, "axis": "y", "origin": [11, 19, 16]},
			"faces": {
				"north": {"uv": [1.5, 2.5, 2.5, 4], "texture": "#2"},
				"east": {"uv": [1.5, 2.5, 2.5, 4], "texture": "#2"},
				"south": {"uv": [1.5, 2.5, 2.5, 4], "texture": "#2"},
				"west": {"uv": [1.5, 2.5, 2.5, 4], "texture": "#2"},
				"up": {"uv": [1.5, 2.5, 2.5, 4], "texture": "#2"},
				"down": {"uv": [1.5, 2.5, 2.5, 4], "texture": "#2"}
			}
		},
		{
			"name": "plant_stem",
			"from": [5, 9, 8],
			"to": [5.5, 10, 9],
			"rotation": {"angle": 0, "axis": "y", "origin": [13, 17, 16]},
			"faces": {
				"north": {"uv": [1.5, 2.5, 2.5, 4], "texture": "#2"},
				"east": {"uv": [1.5, 2.5, 2.5, 4], "texture": "#2"},
				"south": {"uv": [1.5, 2.5, 2.5, 4], "texture": "#2"},
				"west": {"uv": [1.5, 2.5, 2.5, 4], "texture": "#2"},
				"up": {"uv": [1.5, 2.5, 2.5, 4], "texture": "#2"},
				"down": {"uv": [1.5, 2.5, 2.5, 4], "texture": "#2"}
			}
		},
		{
			"name": "plant_stem",
			"from": [4, 13, 8.5],
			"to": [4.5, 14, 9.5],
			"rotation": {"angle": 0, "axis": "y", "origin": [12, 21, 16]},
			"faces": {
				"north": {"uv": [1.5, 2.5, 2.5, 4], "texture": "#2"},
				"east": {"uv": [1.5, 2.5, 2.5, 4], "texture": "#2"},
				"south": {"uv": [1.5, 2.5, 2.5, 4], "texture": "#2"},
				"west": {"uv": [1.5, 2.5, 2.5, 4], "texture": "#2"},
				"up": {"uv": [1.5, 2.5, 2.5, 4], "texture": "#2"},
				"down": {"uv": [1.5, 2.5, 2.5, 4], "texture": "#2"}
			}
		},
		{
			"name": "plant_stem",
			"from": [3, 12, 9],
			"to": [4, 15, 10],
			"rotation": {"angle": 0, "axis": "y", "origin": [11, 20, 17]},
			"faces": {
				"north": {"uv": [0, 0, 1, 3], "texture": "#2"},
				"east": {"uv": [0, 0, 1, 3], "texture": "#2"},
				"south": {"uv": [0, 0, 1, 3], "texture": "#2"},
				"west": {"uv": [0, 0, 1, 3], "texture": "#2"},
				"up": {"uv": [0, 0, 1, 3], "texture": "#2"},
				"down": {"uv": [0, 0, 1, 3], "texture": "#2"}
			}
		},
		{
			"name": "leaf",
			"from": [11, 9, 14],
			"to": [12, 9.5, 17],
			"rotation": {"angle": -22.5, "axis": "x", "origin": [19, 2, 22]},
			"faces": {
				"north": {"uv": [3, 2.5, 3.5, 6.5], "rotation": 90, "texture": "#2"},
				"east": {"uv": [3, 2.5, 3.5, 6.5], "rotation": 90, "texture": "#2"},
				"south": {"uv": [3, 2.5, 3.5, 6.5], "rotation": 90, "texture": "#2"},
				"west": {"uv": [3, 2.5, 3.5, 6.5], "rotation": 90, "texture": "#2"},
				"up": {"uv": [3, 2.5, 3.5, 6.5], "rotation": 90, "texture": "#2"},
				"down": {"uv": [3, 2.5, 3.5, 6.5], "rotation": 90, "texture": "#2"}
			}
		},
		{
			"name": "leaf",
			"from": [11, 11, 14],
			"to": [12, 11.5, 15],
			"rotation": {"angle": -22.5, "axis": "x", "origin": [19, 4, 22]},
			"faces": {
				"north": {"uv": [1.5, 1, 2, 4], "rotation": 90, "texture": "#2"},
				"east": {"uv": [1.5, 1, 2, 4], "rotation": 90, "texture": "#2"},
				"south": {"uv": [1.5, 1, 2, 4], "rotation": 90, "texture": "#2"},
				"west": {"uv": [1.5, 1, 2, 4], "rotation": 90, "texture": "#2"},
				"up": {"uv": [1.5, 1, 2, 4], "rotation": 90, "texture": "#2"},
				"down": {"uv": [1.5, 1, 2, 4], "rotation": 90, "texture": "#2"}
			}
		},
		{
			"name": "leaf",
			"from": [10, 12.5, 14],
			"to": [11, 13, 17],
			"rotation": {"angle": -22.5, "axis": "x", "origin": [18, 5, 22]},
			"faces": {
				"north": {"uv": [2.5, 2, 3, 6], "rotation": 90, "texture": "#2"},
				"east": {"uv": [2.5, 2, 3, 6], "rotation": 90, "texture": "#2"},
				"south": {"uv": [2.5, 2, 3, 6], "rotation": 90, "texture": "#2"},
				"west": {"uv": [2.5, 2, 3, 6], "rotation": 90, "texture": "#2"},
				"up": {"uv": [2.5, 2, 3, 6], "rotation": 90, "texture": "#2"},
				"down": {"uv": [2.5, 2, 3, 6], "rotation": 90, "texture": "#2"}
			}
		},
		{
			"name": "leaf",
			"from": [10.1, 13.5, 14],
			"to": [11.1, 14, 15.5],
			"rotation": {"angle": -22.5, "axis": "x", "origin": [18, 7, 22]},
			"faces": {
				"north": {"uv": [3, 2.5, 3.5, 5.5], "rotation": 90, "texture": "#2"},
				"east": {"uv": [3, 2.5, 3.5, 5.5], "rotation": 90, "texture": "#2"},
				"south": {"uv": [3, 2.5, 3.5, 5.5], "rotation": 90, "texture": "#2"},
				"west": {"uv": [3, 2.5, 3.5, 5.5], "rotation": 90, "texture": "#2"},
				"up": {"uv": [3, 2.5, 3.5, 5.5], "rotation": 90, "texture": "#2"},
				"down": {"uv": [3, 2.5, 3.5, 5.5], "rotation": 90, "texture": "#2"}
			}
		},
		{
			"name": "leaf",
			"from": [10.9, 8.5, 12.5],
			"to": [11.4, 9, 13],
			"rotation": {"angle": -22.5, "axis": "x", "origin": [19, 2, 20]},
			"faces": {
				"north": {"uv": [3, 3.5, 3.5, 4.5], "rotation": 90, "texture": "#2"},
				"east": {"uv": [3, 3.5, 3.5, 4.5], "rotation": 90, "texture": "#2"},
				"south": {"uv": [3, 3.5, 3.5, 4.5], "rotation": 90, "texture": "#2"},
				"west": {"uv": [3, 3.5, 3.5, 4.5], "rotation": 90, "texture": "#2"},
				"up": {"uv": [3, 3.5, 3.5, 4.5], "rotation": 90, "texture": "#2"},
				"down": {"uv": [3, 3.5, 3.5, 4.5], "rotation": 90, "texture": "#2"}
			}
		},
		{
			"name": "leaf",
			"from": [9.9, 14.5, 12.5],
			"to": [10.4, 15, 13],
			"rotation": {"angle": -22.5, "axis": "x", "origin": [18, 8, 20]},
			"faces": {
				"north": {"uv": [3, 3.5, 3.5, 4.5], "rotation": 90, "texture": "#2"},
				"east": {"uv": [3, 3.5, 3.5, 4.5], "rotation": 90, "texture": "#2"},
				"south": {"uv": [3, 3.5, 3.5, 4.5], "rotation": 90, "texture": "#2"},
				"west": {"uv": [3, 3.5, 3.5, 4.5], "rotation": 90, "texture": "#2"},
				"up": {"uv": [3, 3.5, 3.5, 4.5], "rotation": 90, "texture": "#2"},
				"down": {"uv": [3, 3.5, 3.5, 4.5], "rotation": 90, "texture": "#2"}
			}
		},
		{
			"name": "leaf",
			"from": [11, 5, 6],
			"to": [12, 5.5, 8],
			"rotation": {"angle": 22.5, "axis": "y", "origin": [19, -2, 11]},
			"faces": {
				"north": {"uv": [7, 5, 9.5, 5.5], "rotation": 180, "texture": "#2"},
				"east": {"uv": [7, 5, 9.5, 5.5], "rotation": 180, "texture": "#2"},
				"south": {"uv": [7, 5, 9.5, 5.5], "rotation": 180, "texture": "#2"},
				"west": {"uv": [7, 5, 9.5, 5.5], "rotation": 180, "texture": "#2"},
				"up": {"uv": [7, 5, 9.5, 5.5], "rotation": 180, "texture": "#2"},
				"down": {"uv": [7, 5, 9.5, 5.5], "rotation": 180, "texture": "#2"}
			}
		},
		{
			"name": "leaf",
			"from": [11, 7, 5],
			"to": [12, 7.5, 8],
			"rotation": {"angle": 22.5, "axis": "y", "origin": [19, -2, 10]},
			"faces": {
				"north": {"uv": [7, 4, 9.5, 4.5], "rotation": 180, "texture": "#2"},
				"east": {"uv": [7, 4, 9.5, 4.5], "rotation": 180, "texture": "#2"},
				"south": {"uv": [7, 4, 9.5, 4.5], "rotation": 180, "texture": "#2"},
				"west": {"uv": [7, 4, 9.5, 4.5], "rotation": 180, "texture": "#2"},
				"up": {"uv": [7, 4, 9.5, 4.5], "rotation": 180, "texture": "#2"},
				"down": {"uv": [7, 4, 9.5, 4.5], "rotation": 180, "texture": "#2"}
			}
		},
		{
			"name": "leaf",
			"from": [11.1, 6.5, 5.5],
			"to": [12.1, 7, 8],
			"rotation": {"angle": 22.5, "axis": "y", "origin": [19, -2, 10]},
			"faces": {
				"north": {"uv": [5.5, 4, 8, 4.5], "rotation": 180, "texture": "#2"},
				"east": {"uv": [5.5, 4, 8, 4.5], "rotation": 180, "texture": "#2"},
				"south": {"uv": [5.5, 4, 8, 4.5], "rotation": 180, "texture": "#2"},
				"west": {"uv": [5.5, 4, 8, 4.5], "rotation": 180, "texture": "#2"},
				"up": {"uv": [5.5, 4, 8, 4.5], "rotation": 180, "texture": "#2"},
				"down": {"uv": [5.5, 4, 8, 4.5], "rotation": 180, "texture": "#2"}
			}
		},
		{
			"name": "leaf",
			"from": [10, 9.5, 6],
			"to": [11, 10, 8],
			"rotation": {"angle": 22.5, "axis": "y", "origin": [19, -1, 10]},
			"faces": {
				"north": {"uv": [2.5, 1.5, 3, 5.5], "rotation": 90, "texture": "#2"},
				"east": {"uv": [2.5, 1.5, 3, 5.5], "rotation": 90, "texture": "#2"},
				"south": {"uv": [2.5, 1.5, 3, 5.5], "rotation": 90, "texture": "#2"},
				"west": {"uv": [2.5, 1.5, 3, 5.5], "rotation": 90, "texture": "#2"},
				"up": {"uv": [2.5, 1.5, 3, 5.5], "rotation": 90, "texture": "#2"},
				"down": {"uv": [2.5, 1.5, 3, 5.5], "rotation": 90, "texture": "#2"}
			}
		},
		{
			"name": "leaf",
			"from": [11, 11, 6],
			"to": [12, 11.5, 8],
			"rotation": {"angle": 22.5, "axis": "y", "origin": [20, -1, 12]},
			"faces": {
				"north": {"uv": [2, 1.5, 2.5, 4.5], "rotation": 90, "texture": "#2"},
				"east": {"uv": [2, 1.5, 2.5, 4.5], "rotation": 90, "texture": "#2"},
				"south": {"uv": [2, 1.5, 2.5, 4.5], "rotation": 90, "texture": "#2"},
				"west": {"uv": [2, 1.5, 2.5, 4.5], "rotation": 90, "texture": "#2"},
				"up": {"uv": [2, 1.5, 2.5, 4.5], "rotation": 90, "texture": "#2"},
				"down": {"uv": [2, 1.5, 2.5, 4.5], "rotation": 90, "texture": "#2"}
			}
		},
		{
			"name": "plant_stem",
			"from": [11, 1, 11],
			"to": [12, 8, 12],
			"rotation": {"angle": 0, "axis": "y", "origin": [19, 9, 19]},
			"faces": {
				"north": {"uv": [3.5, 0.5, 4.5, 7.5], "texture": "#2"},
				"east": {"uv": [3.5, 0.5, 4.5, 7.5], "texture": "#2"},
				"south": {"uv": [3.5, 0.5, 4.5, 7.5], "texture": "#2"},
				"west": {"uv": [3.5, 0.5, 4.5, 7.5], "texture": "#2"},
				"up": {"uv": [3.5, 0.5, 4.5, 7.5], "texture": "#2"},
				"down": {"uv": [3.5, 0.5, 4.5, 7.5], "texture": "#2"}
			}
		},
		{
			"name": "plant_stem",
			"from": [10, 8, 11],
			"to": [11, 12, 12],
			"rotation": {"angle": 0, "axis": "y", "origin": [18, 16, 19]},
			"faces": {
				"north": {"uv": [1.5, 0, 2.5, 4], "texture": "#2"},
				"east": {"uv": [1.5, 0, 2.5, 4], "texture": "#2"},
				"south": {"uv": [1.5, 0, 2.5, 4], "texture": "#2"},
				"west": {"uv": [1.5, 0, 2.5, 4], "texture": "#2"},
				"up": {"uv": [1.5, 0, 2.5, 4], "texture": "#2"},
				"down": {"uv": [1.5, 0, 2.5, 4], "texture": "#2"}
			}
		},
		{
			"name": "plant_stem",
			"from": [10.5, 7, 11],
			"to": [11, 8, 12],
			"rotation": {"angle": 0, "axis": "y", "origin": [18, 15, 19]},
			"faces": {
				"north": {"uv": [1.5, 2.5, 2.5, 4], "texture": "#2"},
				"east": {"uv": [1.5, 2.5, 2.5, 4], "texture": "#2"},
				"south": {"uv": [1.5, 2.5, 2.5, 4], "texture": "#2"},
				"west": {"uv": [1.5, 2.5, 2.5, 4], "texture": "#2"},
				"up": {"uv": [1.5, 2.5, 2.5, 4], "texture": "#2"},
				"down": {"uv": [1.5, 2.5, 2.5, 4], "texture": "#2"}
			}
		},
		{
			"name": "plant_stem",
			"from": [9.5, 10, 11.5],
			"to": [10, 11, 12.5],
			"rotation": {"angle": 0, "axis": "y", "origin": [17, 18, 19]},
			"faces": {
				"north": {"uv": [1.5, 2.5, 2.5, 4], "texture": "#2"},
				"east": {"uv": [1.5, 2.5, 2.5, 4], "texture": "#2"},
				"south": {"uv": [1.5, 2.5, 2.5, 4], "texture": "#2"},
				"west": {"uv": [1.5, 2.5, 2.5, 4], "texture": "#2"},
				"up": {"uv": [1.5, 2.5, 2.5, 4], "texture": "#2"},
				"down": {"uv": [1.5, 2.5, 2.5, 4], "texture": "#2"}
			}
		},
		{
			"name": "plant_stem",
			"from": [11, 8, 11],
			"to": [11.5, 9, 12],
			"rotation": {"angle": 0, "axis": "y", "origin": [19, 16, 19]},
			"faces": {
				"north": {"uv": [1.5, 2.5, 2.5, 4], "texture": "#2"},
				"east": {"uv": [1.5, 2.5, 2.5, 4], "texture": "#2"},
				"south": {"uv": [1.5, 2.5, 2.5, 4], "texture": "#2"},
				"west": {"uv": [1.5, 2.5, 2.5, 4], "texture": "#2"},
				"up": {"uv": [1.5, 2.5, 2.5, 4], "texture": "#2"},
				"down": {"uv": [1.5, 2.5, 2.5, 4], "texture": "#2"}
			}
		},
		{
			"name": "leaf",
			"from": [11, 8, 5],
			"to": [12, 8.5, 6],
			"rotation": {"angle": -22.5, "axis": "x", "origin": [19, 1, 13]},
			"faces": {
				"north": {"uv": [1.5, 1, 2, 4], "rotation": 90, "texture": "#2"},
				"east": {"uv": [1.5, 1, 2, 4], "rotation": 90, "texture": "#2"},
				"south": {"uv": [1.5, 1, 2, 4], "rotation": 90, "texture": "#2"},
				"west": {"uv": [1.5, 1, 2, 4], "rotation": 90, "texture": "#2"},
				"up": {"uv": [1.5, 1, 2, 4], "rotation": 90, "texture": "#2"},
				"down": {"uv": [1.5, 1, 2, 4], "rotation": 90, "texture": "#2"}
			}
		},
		{
			"name": "leaf",
			"from": [10, 9.5, 5],
			"to": [11, 10, 8],
			"rotation": {"angle": -22.5, "axis": "x", "origin": [18, 2, 13]},
			"faces": {
				"north": {"uv": [2.5, 2, 3, 6], "rotation": 90, "texture": "#2"},
				"east": {"uv": [2.5, 2, 3, 6], "rotation": 90, "texture": "#2"},
				"south": {"uv": [2.5, 2, 3, 6], "rotation": 90, "texture": "#2"},
				"west": {"uv": [2.5, 2, 3, 6], "rotation": 90, "texture": "#2"},
				"up": {"uv": [2.5, 2, 3, 6], "rotation": 90, "texture": "#2"},
				"down": {"uv": [2.5, 2, 3, 6], "rotation": 90, "texture": "#2"}
			}
		},
		{
			"name": "leaf",
			"from": [10.1, 10.5, 5],
			"to": [11.1, 11, 6.5],
			"rotation": {"angle": -22.5, "axis": "x", "origin": [18, 4, 13]},
			"faces": {
				"north": {"uv": [3, 2.5, 3.5, 5.5], "rotation": 90, "texture": "#2"},
				"east": {"uv": [3, 2.5, 3.5, 5.5], "rotation": 90, "texture": "#2"},
				"south": {"uv": [3, 2.5, 3.5, 5.5], "rotation": 90, "texture": "#2"},
				"west": {"uv": [3, 2.5, 3.5, 5.5], "rotation": 90, "texture": "#2"},
				"up": {"uv": [3, 2.5, 3.5, 5.5], "rotation": 90, "texture": "#2"},
				"down": {"uv": [3, 2.5, 3.5, 5.5], "rotation": 90, "texture": "#2"}
			}
		},
		{
			"name": "leaf",
			"from": [9.9, 11.5, 3.5],
			"to": [10.4, 12, 4],
			"rotation": {"angle": -22.5, "axis": "x", "origin": [18, 5, 11]},
			"faces": {
				"north": {"uv": [3, 3.5, 3.5, 4.5], "rotation": 90, "texture": "#2"},
				"east": {"uv": [3, 3.5, 3.5, 4.5], "rotation": 90, "texture": "#2"},
				"south": {"uv": [3, 3.5, 3.5, 4.5], "rotation": 90, "texture": "#2"},
				"west": {"uv": [3, 3.5, 3.5, 4.5], "rotation": 90, "texture": "#2"},
				"up": {"uv": [3, 3.5, 3.5, 4.5], "rotation": 90, "texture": "#2"},
				"down": {"uv": [3, 3.5, 3.5, 4.5], "rotation": 90, "texture": "#2"}
			}
		},
		{
			"name": "leaf",
			"from": [10, 6.5, -3],
			"to": [11, 7, -1],
			"rotation": {"angle": 22.5, "axis": "y", "origin": [19, -4, 1]},
			"faces": {
				"north": {"uv": [2.5, 1.5, 3, 5.5], "rotation": 90, "texture": "#2"},
				"east": {"uv": [2.5, 1.5, 3, 5.5], "rotation": 90, "texture": "#2"},
				"south": {"uv": [2.5, 1.5, 3, 5.5], "rotation": 90, "texture": "#2"},
				"west": {"uv": [2.5, 1.5, 3, 5.5], "rotation": 90, "texture": "#2"},
				"up": {"uv": [2.5, 1.5, 3, 5.5], "rotation": 90, "texture": "#2"},
				"down": {"uv": [2.5, 1.5, 3, 5.5], "rotation": 90, "texture": "#2"}
			}
		},
		{
			"name": "leaf",
			"from": [10.1, 6, -2.5],
			"to": [11.1, 6.5, -1],
			"rotation": {"angle": 22.5, "axis": "y", "origin": [19, -4, 1]},
			"faces": {
				"north": {"uv": [2.5, 1.5, 3, 5.5], "rotation": 90, "texture": "#2"},
				"east": {"uv": [2.5, 1.5, 3, 5.5], "rotation": 90, "texture": "#2"},
				"south": {"uv": [2.5, 1.5, 3, 5.5], "rotation": 90, "texture": "#2"},
				"west": {"uv": [2.5, 1.5, 3, 5.5], "rotation": 90, "texture": "#2"},
				"up": {"uv": [2.5, 1.5, 3, 5.5], "rotation": 90, "texture": "#2"},
				"down": {"uv": [2.5, 1.5, 3, 5.5], "rotation": 90, "texture": "#2"}
			}
		},
		{
			"name": "leaf",
			"from": [11, 8, -3],
			"to": [12, 8.5, -1],
			"rotation": {"angle": 22.5, "axis": "y", "origin": [20, -4, 3]},
			"faces": {
				"north": {"uv": [2, 1.5, 2.5, 4.5], "rotation": 90, "texture": "#2"},
				"east": {"uv": [2, 1.5, 2.5, 4.5], "rotation": 90, "texture": "#2"},
				"south": {"uv": [2, 1.5, 2.5, 4.5], "rotation": 90, "texture": "#2"},
				"west": {"uv": [2, 1.5, 2.5, 4.5], "rotation": 90, "texture": "#2"},
				"up": {"uv": [2, 1.5, 2.5, 4.5], "rotation": 90, "texture": "#2"},
				"down": {"uv": [2, 1.5, 2.5, 4.5], "rotation": 90, "texture": "#2"}
			}
		},
		{
			"name": "plant_stem",
			"from": [10, 5, 2],
			"to": [11, 9, 3],
			"rotation": {"angle": 0, "axis": "y", "origin": [18, 13, 10]},
			"faces": {
				"north": {"uv": [1.5, 0, 2.5, 4], "texture": "#2"},
				"east": {"uv": [1.5, 0, 2.5, 4], "texture": "#2"},
				"south": {"uv": [1.5, 0, 2.5, 4], "texture": "#2"},
				"west": {"uv": [1.5, 0, 2.5, 4], "texture": "#2"},
				"up": {"uv": [1.5, 0, 2.5, 4], "texture": "#2"},
				"down": {"uv": [1.5, 0, 2.5, 4], "texture": "#2"}
			}
		},
		{
			"name": "plant_stem",
			"from": [10.5, 4, 2],
			"to": [11, 5, 3],
			"rotation": {"angle": 0, "axis": "y", "origin": [18, 12, 10]},
			"faces": {
				"north": {"uv": [1.5, 2.5, 2.5, 4], "texture": "#2"},
				"east": {"uv": [1.5, 2.5, 2.5, 4], "texture": "#2"},
				"south": {"uv": [1.5, 2.5, 2.5, 4], "texture": "#2"},
				"west": {"uv": [1.5, 2.5, 2.5, 4], "texture": "#2"},
				"up": {"uv": [1.5, 2.5, 2.5, 4], "texture": "#2"},
				"down": {"uv": [1.5, 2.5, 2.5, 4], "texture": "#2"}
			}
		},
		{
			"name": "plant_stem",
			"from": [11, 5, 2],
			"to": [11.5, 6, 3],
			"rotation": {"angle": 0, "axis": "y", "origin": [19, 13, 10]},
			"faces": {
				"north": {"uv": [1.5, 2.5, 2.5, 4], "texture": "#2"},
				"east": {"uv": [1.5, 2.5, 2.5, 4], "texture": "#2"},
				"south": {"uv": [1.5, 2.5, 2.5, 4], "texture": "#2"},
				"west": {"uv": [1.5, 2.5, 2.5, 4], "texture": "#2"},
				"up": {"uv": [1.5, 2.5, 2.5, 4], "texture": "#2"},
				"down": {"uv": [1.5, 2.5, 2.5, 4], "texture": "#2"}
			}
		}
	],
	"display": {
		"thirdperson_righthand": {
			"rotation": [67, -86, 0],
			"translation": [-6, 6.5, 4.25]
		},
		"thirdperson_lefthand": {
			"rotation": [67, 90, 0],
			"translation": [-6, 6.5, 4.25]
		},
		"firstperson_righthand": {
			"rotation": [0, 54, 0],
			"translation": [-3, 5, 1.5]
		},
		"firstperson_lefthand": {
			"rotation": [0, -89, 0],
			"translation": [-3, 4.5, 1.5]
		},
		"ground": {
			"translation": [0, 1, 0]
		},
		"gui": {
			"scale": [1, 1, 0.87]
		},
		"head": {
			"rotation": [0, -90, 0],
			"translation": [0, 9.75, 0],
			"scale": [0.9, 1, 0.9]
		},
		"fixed": {
			"translation": [0, 0, -2],
			"scale": [1, 1, 0.3]
		}
	},
	"groups": [
		{
			"name": "Plate",
			"origin": [8, 8, 8],
			"children": [0, 1, 2]
		}, 3,
		{
			"name": "Weed",
			"origin": [8, 8, 8],
			"children": [
				{
					"name": "leaf_right",
					"origin": [8, 8, 8],
					"children": [4, 5, 6, 7, 8, 9, 10, 11, 12, 13, 14, 15, 16, 17]
				},
				{
					"name": "leaf_left",
					"origin": [8, 8, 8],
					"children": [18, 19, 20, 21, 22, 23, 24, 25]
				},
				{
					"name": "stem",
					"origin": [8, 8, 8],
					"children": [26, 27, 28, 29, 30, 31, 32]
				}
			]
		},
		{
			"name": "Weed",
			"origin": [8, 8, 8],
			"children": [
				{
					"name": "leaf_right",
					"origin": [8, 8, 8],
					"children": [33, 34, 35, 36, 37, 38]
				},
				{
					"name": "leaf_left",
					"origin": [8, 8, 8],
					"children": [39, 40, 41, 42, 43]
				},
				{
					"name": "stem",
					"origin": [8, 8, 8],
					"children": [44, 45, 46, 47, 48]
				}
			]
		},
		{
			"name": "Weed",
			"origin": [8, 8, 8],
			"children": [
				{
					"name": "leaf_right",
					"origin": [8, 8, 8],
					"children": [49, 50, 51, 52]
				},
				{
					"name": "leaf_left",
					"origin": [8, 8, 8],
					"children": [53, 54, 55]
				},
				{
					"name": "stem",
					"origin": [8, 8, 8],
					"children": [56, 57, 58]
				}
			]
		}
	]
}