{
	"credit": "Made with Blockbench",
	"textures": {
		"0": "blocks/glass_white",
		"particle": "blocks/glass_white"
	},
	"elements": [
		{
			"from": [2, 2, 7.5],
			"to": [30, 18, 8.4],
			"faces": {
				"north": {"uv": [0, 0, 16, 16], "texture": "#0"},
				"east": {"uv": [0, 0, 0.9, 16], "texture": "#0"},
				"south": {"uv": [0, 0, 16, 15.5], "texture": "#0"},
				"west": {"uv": [0, 0, 0.9, 16], "texture": "#0"},
				"up": {"uv": [0, 0, 16, 0.9], "texture": "#0"},
				"down": {"uv": [0, 0, 16, 0.9], "texture": "#0"}
			}
		},
		{
			"from": [2, 0, 7.5],
			"to": [13, 2, 8.5],
			"faces": {
				"north": {"uv": [0, 0, 13, 2], "texture": "#0"},
				"east": {"uv": [0, 0, 1, 2], "texture": "#0"},
				"south": {"uv": [0, 14.5, 7.5, 16], "texture": "#0"},
				"west": {"uv": [0, 0, 1, 2], "texture": "#0"},
				"up": {"uv": [0, 0, 13, 1], "texture": "#0"},
				"down": {"uv": [0, 0, 13, 1], "texture": "#0"}
			}
		},
		{
			"from": [19, 0, 7.5],
			"to": [30, 2, 8.5],
			"rotation": {"angle": 0, "axis": "y", "origin": [27, 8, 8]},
			"faces": {
				"north": {"uv": [0, 0, 13, 2], "texture": "#0"},
				"east": {"uv": [0, 0, 1, 2], "texture": "#0"},
				"south": {"uv": [9.5, 14, 16, 16], "texture": "#0"},
				"west": {"uv": [0, 0, 1, 2], "texture": "#0"},
				"up": {"uv": [0, 0, 13, 1], "texture": "#0"},
				"down": {"uv": [0, 0, 13, 1], "texture": "#0"}
			}
		}
	],
	"display": {
		"fixed": {
			"rotation": [0, 90, 0],
			"translation": [-14, 12, -20],
			"scale": [3.5, 3.5, 4]
		}
	}
}