{
	"credit": "Made with Blockbench",
	"textures": {
		"0": "blocks/wool_colored_black",
		"1": "blocks/quartz_block_side",
		"particle": "blocks/wool_colored_black"
	},
	"elements": [
		{
			"from": [-1, 0, 2],
			"to": [2, 14, 15],
			"faces": {
				"north": {"uv": [0, 0, 3, 14], "texture": "#1"},
				"east": {"uv": [0, 0, 3, 14], "texture": "#1"},
				"south": {"uv": [0, 0, 3, 14], "texture": "#1"},
				"west": {"uv": [0, 0, 3, 14], "texture": "#1"},
				"up": {"uv": [0, 0, 3, 14], "texture": "#1"},
				"down": {"uv": [0, 0, 3, 14], "texture": "#1"}
			}
		},
		{
			"from": [14, 0, 2],
			"to": [17, 14, 15],
			"faces": {
				"north": {"uv": [0, 0, 16, 16], "texture": "#1"},
				"east": {"uv": [0, 0, 16, 16], "texture": "#1"},
				"south": {"uv": [0, 0, 16, 16], "texture": "#1"},
				"west": {"uv": [0, 0, 16, 16], "texture": "#1"},
				"up": {"uv": [0, 0, 16, 16], "texture": "#1"},
				"down": {"uv": [0, 0, 16, 16], "texture": "#1"}
			}
		},
		{
			"from": [-1, 0, -1],
			"to": [17, 16, 2],
			"faces": {
				"north": {"uv": [0, 0, 16, 16], "texture": "#1"},
				"east": {"uv": [0, 0, 16, 16], "texture": "#1"},
				"south": {"uv": [0, 0, 16, 16], "texture": "#1"},
				"west": {"uv": [0, 0, 16, 16], "texture": "#1"},
				"up": {"uv": [0, 0, 16, 16], "texture": "#1"},
				"down": {"uv": [0, 0, 16, 16], "texture": "#1"}
			}
		},
		{
			"from": [2, 0, 2],
			"to": [14, 9, 14.9],
			"faces": {
				"north": {"uv": [0, 0, 15, 16], "texture": "#missing"},
				"east": {"uv": [0, 0, 15, 16], "texture": "#missing"},
				"south": {"uv": [0, 0, 15, 16], "texture": "#0"},
				"west": {"uv": [0, 0, 15, 16], "texture": "#missing"},
				"up": {"uv": [0, 0, 15, 16], "texture": "#0"},
				"down": {"uv": [0, 0, 15, 16], "texture": "#0"}
			}
		}
	],
	"display": {
		"fixed": {
			"rotation": [0, 90, 0],
			"translation": [0, 1.75, 17.25],
			"scale": [2.2, 2.2, 2.2]
		}
	}
}