{
	"credit": "Made with Blockbench",
	"textures": {
		"0": "blocks/cauldron_inner",
		"1": "blocks/coal_block",
		"particle": "blocks/cauldron_inner"
	},
	"elements": [
		{
			"name": "Keyboard",
			"from": [5, 0, 1],
			"to": [14, 1, 5],
			"rotation": {"angle": 0, "axis": "y", "origin": [8, 8, 10]},
			"faces": {
				"north": {"uv": [0, 0, 9, 1], "texture": "#0"},
				"east": {"uv": [0, 0, 4, 1], "texture": "#0"},
				"south": {"uv": [0, 0, 9, 1], "texture": "#0"},
				"west": {"uv": [0, 0, 4, 1], "texture": "#0"},
				"up": {"uv": [0, 6.5, 16, 10.5], "texture": "#0"},
				"down": {"uv": [0, 0, 9, 4], "texture": "#0"}
			}
		},
		{
			"name": "Key",
			"from": [13.2, 1, 4],
			"to": [13.6, 1.1, 4.4],
			"rotation": {"angle": 0, "axis": "y", "origin": [13.25, 1.05, 3.75]},
			"faces": {
				"north": {"uv": [0, 0, 0.4, 0.4], "texture": "#1"},
				"east": {"uv": [0, 0, 0.4, 0.4], "texture": "#1"},
				"south": {"uv": [0, 0, 0.4, 0.4], "texture": "#1"},
				"west": {"uv": [0, 0, 0.4, 0.4], "texture": "#1"},
				"up": {"uv": [0, 0, 0.4, 0.4], "texture": "#1"},
				"down": {"uv": [0, 0, 0.4, 0.4], "texture": "#1"}
			}
		},
		{
			"name": "Key",
			"from": [12.2, 1, 4],
			"to": [12.6, 1.1, 4.4],
			"rotation": {"angle": 0, "axis": "y", "origin": [12.25, 1.05, 3.75]},
			"faces": {
				"north": {"uv": [0, 0, 0.4, 0.4], "texture": "#1"},
				"east": {"uv": [0, 0, 0.4, 0.4], "texture": "#1"},
				"south": {"uv": [0, 0, 0.4, 0.4], "texture": "#1"},
				"west": {"uv": [0, 0, 0.4, 0.4], "texture": "#1"},
				"up": {"uv": [0, 0, 0.4, 0.4], "texture": "#1"},
				"down": {"uv": [0, 0, 0.4, 0.4], "texture": "#1"}
			}
		},
		{
			"name": "Key",
			"from": [11.2, 1, 4],
			"to": [11.6, 1.1, 4.4],
			"rotation": {"angle": 0, "axis": "y", "origin": [11.25, 1.05, 3.75]},
			"faces": {
				"north": {"uv": [0, 0, 0.4, 0.4], "texture": "#1"},
				"east": {"uv": [0, 0, 0.4, 0.4], "texture": "#1"},
				"south": {"uv": [0, 0, 0.4, 0.4], "texture": "#1"},
				"west": {"uv": [0, 0, 0.4, 0.4], "texture": "#1"},
				"up": {"uv": [0, 0, 0.4, 0.4], "texture": "#1"},
				"down": {"uv": [0, 0, 0.4, 0.4], "texture": "#1"}
			}
		},
		{
			"name": "Key",
			"from": [13.2, 1, 3],
			"to": [13.6, 1.1, 3.4],
			"rotation": {"angle": 0, "axis": "y", "origin": [13.25, 1.05, 2.75]},
			"faces": {
				"north": {"uv": [0, 0, 0.4, 0.4], "texture": "#1"},
				"east": {"uv": [0, 0, 0.4, 0.4], "texture": "#1"},
				"south": {"uv": [0, 0, 0.4, 0.4], "texture": "#1"},
				"west": {"uv": [0, 0, 0.4, 0.4], "texture": "#1"},
				"up": {"uv": [0, 0, 0.4, 0.4], "texture": "#1"},
				"down": {"uv": [0, 0, 0.4, 0.4], "texture": "#1"}
			}
		},
		{
			"name": "Key",
			"from": [12.2, 1, 3],
			"to": [12.6, 1.1, 3.4],
			"rotation": {"angle": 0, "axis": "y", "origin": [12.25, 1.05, 2.75]},
			"faces": {
				"north": {"uv": [0, 0, 0.4, 0.4], "texture": "#1"},
				"east": {"uv": [0, 0, 0.4, 0.4], "texture": "#1"},
				"south": {"uv": [0, 0, 0.4, 0.4], "texture": "#1"},
				"west": {"uv": [0, 0, 0.4, 0.4], "texture": "#1"},
				"up": {"uv": [0, 0, 0.4, 0.4], "texture": "#1"},
				"down": {"uv": [0, 0, 0.4, 0.4], "texture": "#1"}
			}
		},
		{
			"name": "Key",
			"from": [11.2, 1, 3],
			"to": [11.6, 1.1, 3.4],
			"rotation": {"angle": 0, "axis": "y", "origin": [11.25, 1.05, 2.75]},
			"faces": {
				"north": {"uv": [0, 0, 0.4, 0.4], "texture": "#1"},
				"east": {"uv": [0, 0, 0.4, 0.4], "texture": "#1"},
				"south": {"uv": [0, 0, 0.4, 0.4], "texture": "#1"},
				"west": {"uv": [0, 0, 0.4, 0.4], "texture": "#1"},
				"up": {"uv": [0, 0, 0.4, 0.4], "texture": "#1"},
				"down": {"uv": [0, 0, 0.4, 0.4], "texture": "#1"}
			}
		},
		{
			"name": "Key",
			"from": [13.2, 1, 2],
			"to": [13.6, 1.1, 2.4],
			"rotation": {"angle": 0, "axis": "y", "origin": [13.25, 1.05, 1.75]},
			"faces": {
				"north": {"uv": [0, 0, 0.4, 0.4], "texture": "#1"},
				"east": {"uv": [0, 0, 0.4, 0.4], "texture": "#1"},
				"south": {"uv": [0, 0, 0.4, 0.4], "texture": "#1"},
				"west": {"uv": [0, 0, 0.4, 0.4], "texture": "#1"},
				"up": {"uv": [0, 0, 0.4, 0.4], "texture": "#1"},
				"down": {"uv": [0, 0, 0.4, 0.4], "texture": "#1"}
			}
		},
		{
			"name": "Key",
			"from": [12.2, 1, 2],
			"to": [12.6, 1.1, 2.4],
			"rotation": {"angle": 0, "axis": "y", "origin": [12.25, 1.05, 1.75]},
			"faces": {
				"north": {"uv": [0, 0, 0.4, 0.4], "texture": "#1"},
				"east": {"uv": [0, 0, 0.4, 0.4], "texture": "#1"},
				"south": {"uv": [0, 0, 0.4, 0.4], "texture": "#1"},
				"west": {"uv": [0, 0, 0.4, 0.4], "texture": "#1"},
				"up": {"uv": [0, 0, 0.4, 0.4], "texture": "#1"},
				"down": {"uv": [0, 0, 0.4, 0.4], "texture": "#1"}
			}
		},
		{
			"name": "Key",
			"from": [11.2, 1, 2],
			"to": [11.6, 1.1, 2.4],
			"rotation": {"angle": 0, "axis": "y", "origin": [11.25, 1.05, 1.75]},
			"faces": {
				"north": {"uv": [0, 0, 0.4, 0.4], "texture": "#1"},
				"east": {"uv": [0, 0, 0.4, 0.4], "texture": "#1"},
				"south": {"uv": [0, 0, 0.4, 0.4], "texture": "#1"},
				"west": {"uv": [0, 0, 0.4, 0.4], "texture": "#1"},
				"up": {"uv": [0, 0, 0.4, 0.4], "texture": "#1"},
				"down": {"uv": [0, 0, 0.4, 0.4], "texture": "#1"}
			}
		},
		{
			"name": "Key",
			"from": [7.2, 1, 2],
			"to": [7.6, 1.1, 2.4],
			"rotation": {"angle": 0, "axis": "y", "origin": [7.25, 1.05, 1.75]},
			"faces": {
				"north": {"uv": [0, 0, 0.4, 0.4], "texture": "#1"},
				"east": {"uv": [0, 0, 0.4, 0.4], "texture": "#1"},
				"south": {"uv": [0, 0, 0.4, 0.4], "texture": "#1"},
				"west": {"uv": [0, 0, 0.4, 0.4], "texture": "#1"},
				"up": {"uv": [0, 0, 0.4, 0.4], "texture": "#1"},
				"down": {"uv": [0, 0, 0.4, 0.4], "texture": "#1"}
			}
		},
		{
			"name": "Key",
			"from": [10.2, 1, 2],
			"to": [10.6, 1.1, 2.4],
			"rotation": {"angle": 0, "axis": "y", "origin": [10.25, 1.05, 1.75]},
			"faces": {
				"north": {"uv": [0, 0, 0.4, 0.4], "texture": "#1"},
				"east": {"uv": [0, 0, 0.4, 0.4], "texture": "#1"},
				"south": {"uv": [0, 0, 0.4, 0.4], "texture": "#1"},
				"west": {"uv": [0, 0, 0.4, 0.4], "texture": "#1"},
				"up": {"uv": [0, 0, 0.4, 0.4], "texture": "#1"},
				"down": {"uv": [0, 0, 0.4, 0.4], "texture": "#1"}
			}
		},
		{
			"name": "Key",
			"from": [7.2, 1, 3],
			"to": [7.6, 1.1, 3.4],
			"rotation": {"angle": 0, "axis": "y", "origin": [7.25, 1.05, 2.75]},
			"faces": {
				"north": {"uv": [0, 0, 0.4, 0.4], "texture": "#1"},
				"east": {"uv": [0, 0, 0.4, 0.4], "texture": "#1"},
				"south": {"uv": [0, 0, 0.4, 0.4], "texture": "#1"},
				"west": {"uv": [0, 0, 0.4, 0.4], "texture": "#1"},
				"up": {"uv": [0, 0, 0.4, 0.4], "texture": "#1"},
				"down": {"uv": [0, 0, 0.4, 0.4], "texture": "#1"}
			}
		},
		{
			"name": "Key",
			"from": [10.2, 1, 3],
			"to": [10.6, 1.1, 3.4],
			"rotation": {"angle": 0, "axis": "y", "origin": [10.25, 1.05, 2.75]},
			"faces": {
				"north": {"uv": [0, 0, 0.4, 0.4], "texture": "#1"},
				"east": {"uv": [0, 0, 0.4, 0.4], "texture": "#1"},
				"south": {"uv": [0, 0, 0.4, 0.4], "texture": "#1"},
				"west": {"uv": [0, 0, 0.4, 0.4], "texture": "#1"},
				"up": {"uv": [0, 0, 0.4, 0.4], "texture": "#1"},
				"down": {"uv": [0, 0, 0.4, 0.4], "texture": "#1"}
			}
		},
		{
			"name": "Key",
			"from": [7.2, 1, 4],
			"to": [7.6, 1.1, 4.4],
			"rotation": {"angle": 0, "axis": "y", "origin": [7.25, 1.05, 3.75]},
			"faces": {
				"north": {"uv": [0, 0, 0.4, 0.4], "texture": "#1"},
				"east": {"uv": [0, 0, 0.4, 0.4], "texture": "#1"},
				"south": {"uv": [0, 0, 0.4, 0.4], "texture": "#1"},
				"west": {"uv": [0, 0, 0.4, 0.4], "texture": "#1"},
				"up": {"uv": [0, 0, 0.4, 0.4], "texture": "#1"},
				"down": {"uv": [0, 0, 0.4, 0.4], "texture": "#1"}
			}
		},
		{
			"name": "Key",
			"from": [10.2, 1, 4],
			"to": [10.6, 1.1, 4.4],
			"rotation": {"angle": 0, "axis": "y", "origin": [10.25, 1.05, 3.75]},
			"faces": {
				"north": {"uv": [0, 0, 0.4, 0.4], "texture": "#1"},
				"east": {"uv": [0, 0, 0.4, 0.4], "texture": "#1"},
				"south": {"uv": [0, 0, 0.4, 0.4], "texture": "#1"},
				"west": {"uv": [0, 0, 0.4, 0.4], "texture": "#1"},
				"up": {"uv": [0, 0, 0.4, 0.4], "texture": "#1"},
				"down": {"uv": [0, 0, 0.4, 0.4], "texture": "#1"}
			}
		},
		{
			"name": "Key",
			"from": [6.2, 1, 4],
			"to": [6.6, 1.1, 4.4],
			"rotation": {"angle": 0, "axis": "y", "origin": [6.25, 1.05, 3.75]},
			"faces": {
				"north": {"uv": [0, 0, 0.4, 0.4], "texture": "#1"},
				"east": {"uv": [0, 0, 0.4, 0.4], "texture": "#1"},
				"south": {"uv": [0, 0, 0.4, 0.4], "texture": "#1"},
				"west": {"uv": [0, 0, 0.4, 0.4], "texture": "#1"},
				"up": {"uv": [0, 0, 0.4, 0.4], "texture": "#1"},
				"down": {"uv": [0, 0, 0.4, 0.4], "texture": "#1"}
			}
		},
		{
			"name": "Key",
			"from": [9.2, 1, 4],
			"to": [9.6, 1.1, 4.4],
			"rotation": {"angle": 0, "axis": "y", "origin": [9.25, 1.05, 3.75]},
			"faces": {
				"north": {"uv": [0, 0, 0.4, 0.4], "texture": "#1"},
				"east": {"uv": [0, 0, 0.4, 0.4], "texture": "#1"},
				"south": {"uv": [0, 0, 0.4, 0.4], "texture": "#1"},
				"west": {"uv": [0, 0, 0.4, 0.4], "texture": "#1"},
				"up": {"uv": [0, 0, 0.4, 0.4], "texture": "#1"},
				"down": {"uv": [0, 0, 0.4, 0.4], "texture": "#1"}
			}
		},
		{
			"name": "Key",
			"from": [5.2, 1, 3],
			"to": [5.6, 1.1, 3.4],
			"rotation": {"angle": 0, "axis": "y", "origin": [5.25, 1.05, 2.75]},
			"faces": {
				"north": {"uv": [0, 0, 0.4, 0.4], "texture": "#1"},
				"east": {"uv": [0, 0, 0.4, 0.4], "texture": "#1"},
				"south": {"uv": [0, 0, 0.4, 0.4], "texture": "#1"},
				"west": {"uv": [0, 0, 0.4, 0.4], "texture": "#1"},
				"up": {"uv": [0, 0, 0.4, 0.4], "texture": "#1"},
				"down": {"uv": [0, 0, 0.4, 0.4], "texture": "#1"}
			}
		},
		{
			"name": "Key",
			"from": [8.2, 1, 3],
			"to": [8.6, 1.1, 3.4],
			"rotation": {"angle": 0, "axis": "y", "origin": [8.25, 1.05, 2.75]},
			"faces": {
				"north": {"uv": [0, 0, 0.4, 0.4], "texture": "#1"},
				"east": {"uv": [0, 0, 0.4, 0.4], "texture": "#1"},
				"south": {"uv": [0, 0, 0.4, 0.4], "texture": "#1"},
				"west": {"uv": [0, 0, 0.4, 0.4], "texture": "#1"},
				"up": {"uv": [0, 0, 0.4, 0.4], "texture": "#1"},
				"down": {"uv": [0, 0, 0.4, 0.4], "texture": "#1"}
			}
		},
		{
			"name": "Key",
			"from": [5.2, 1, 2],
			"to": [5.6, 1.1, 2.4],
			"rotation": {"angle": 0, "axis": "y", "origin": [5.25, 1.05, 1.75]},
			"faces": {
				"north": {"uv": [0, 0, 0.4, 0.4], "texture": "#1"},
				"east": {"uv": [0, 0, 0.4, 0.4], "texture": "#1"},
				"south": {"uv": [0, 0, 0.4, 0.4], "texture": "#1"},
				"west": {"uv": [0, 0, 0.4, 0.4], "texture": "#1"},
				"up": {"uv": [0, 0, 0.4, 0.4], "texture": "#1"},
				"down": {"uv": [0, 0, 0.4, 0.4], "texture": "#1"}
			}
		},
		{
			"name": "Key",
			"from": [8.2, 1, 2],
			"to": [8.6, 1.1, 2.4],
			"rotation": {"angle": 0, "axis": "y", "origin": [8.25, 1.05, 1.75]},
			"faces": {
				"north": {"uv": [0, 0, 0.4, 0.4], "texture": "#1"},
				"east": {"uv": [0, 0, 0.4, 0.4], "texture": "#1"},
				"south": {"uv": [0, 0, 0.4, 0.4], "texture": "#1"},
				"west": {"uv": [0, 0, 0.4, 0.4], "texture": "#1"},
				"up": {"uv": [0, 0, 0.4, 0.4], "texture": "#1"},
				"down": {"uv": [0, 0, 0.4, 0.4], "texture": "#1"}
			}
		},
		{
			"name": "Key",
			"from": [6.2, 1, 2],
			"to": [6.6, 1.1, 2.4],
			"rotation": {"angle": 0, "axis": "y", "origin": [6.25, 1.05, 1.75]},
			"faces": {
				"north": {"uv": [0, 0, 0.4, 0.4], "texture": "#1"},
				"east": {"uv": [0, 0, 0.4, 0.4], "texture": "#1"},
				"south": {"uv": [0, 0, 0.4, 0.4], "texture": "#1"},
				"west": {"uv": [0, 0, 0.4, 0.4], "texture": "#1"},
				"up": {"uv": [0, 0, 0.4, 0.4], "texture": "#1"},
				"down": {"uv": [0, 0, 0.4, 0.4], "texture": "#1"}
			}
		},
		{
			"name": "Key",
			"from": [6.2, 1, 3],
			"to": [6.6, 1.1, 3.4],
			"rotation": {"angle": 0, "axis": "y", "origin": [6.25, 1.05, 2.75]},
			"faces": {
				"north": {"uv": [0, 0, 0.4, 0.4], "texture": "#1"},
				"east": {"uv": [0, 0, 0.4, 0.4], "texture": "#1"},
				"south": {"uv": [0, 0, 0.4, 0.4], "texture": "#1"},
				"west": {"uv": [0, 0, 0.4, 0.4], "texture": "#1"},
				"up": {"uv": [0, 0, 0.4, 0.4], "texture": "#1"},
				"down": {"uv": [0, 0, 0.4, 0.4], "texture": "#1"}
			}
		},
		{
			"name": "Key",
			"from": [9.2, 1, 2],
			"to": [9.6, 1.1, 2.4],
			"rotation": {"angle": 0, "axis": "y", "origin": [9.25, 1.05, 1.75]},
			"faces": {
				"north": {"uv": [0, 0, 0.4, 0.4], "texture": "#1"},
				"east": {"uv": [0, 0, 0.4, 0.4], "texture": "#1"},
				"south": {"uv": [0, 0, 0.4, 0.4], "texture": "#1"},
				"west": {"uv": [0, 0, 0.4, 0.4], "texture": "#1"},
				"up": {"uv": [0, 0, 0.4, 0.4], "texture": "#1"},
				"down": {"uv": [0, 0, 0.4, 0.4], "texture": "#1"}
			}
		},
		{
			"name": "Key",
			"from": [9.2, 1, 3],
			"to": [9.6, 1.1, 3.4],
			"rotation": {"angle": 0, "axis": "y", "origin": [9.25, 1.05, 2.75]},
			"faces": {
				"north": {"uv": [0, 0, 0.4, 0.4], "texture": "#1"},
				"east": {"uv": [0, 0, 0.4, 0.4], "texture": "#1"},
				"south": {"uv": [0, 0, 0.4, 0.4], "texture": "#1"},
				"west": {"uv": [0, 0, 0.4, 0.4], "texture": "#1"},
				"up": {"uv": [0, 0, 0.4, 0.4], "texture": "#1"},
				"down": {"uv": [0, 0, 0.4, 0.4], "texture": "#1"}
			}
		},
		{
			"name": "Key",
			"from": [5.2, 1, 4],
			"to": [5.6, 1.1, 4.4],
			"rotation": {"angle": 0, "axis": "y", "origin": [5.25, 1.05, 3.75]},
			"faces": {
				"north": {"uv": [0, 0, 0.4, 0.4], "texture": "#1"},
				"east": {"uv": [0, 0, 0.4, 0.4], "texture": "#1"},
				"south": {"uv": [0, 0, 0.4, 0.4], "texture": "#1"},
				"west": {"uv": [0, 0, 0.4, 0.4], "texture": "#1"},
				"up": {"uv": [0, 0, 0.4, 0.4], "texture": "#1"},
				"down": {"uv": [0, 0, 0.4, 0.4], "texture": "#1"}
			}
		},
		{
			"name": "Key",
			"from": [8.2, 1, 4],
			"to": [8.6, 1.1, 4.4],
			"rotation": {"angle": 0, "axis": "y", "origin": [8.25, 1.05, 3.75]},
			"faces": {
				"north": {"uv": [0, 0, 0.4, 0.4], "texture": "#1"},
				"east": {"uv": [0, 0, 0.4, 0.4], "texture": "#1"},
				"south": {"uv": [0, 0, 0.4, 0.4], "texture": "#1"},
				"west": {"uv": [0, 0, 0.4, 0.4], "texture": "#1"},
				"up": {"uv": [0, 0, 0.4, 0.4], "texture": "#1"},
				"down": {"uv": [0, 0, 0.4, 0.4], "texture": "#1"}
			}
		},
		{
			"name": "RIGHT",
			"from": [2, 0, 4],
			"to": [2.4, 0.7, 5],
			"color": 7,
			"faces": {
				"north": {"uv": [0, 0, 0.4, 0.7], "texture": "#missing"},
				"east": {"uv": [0, 0, 1, 0.7], "texture": "#missing"},
				"south": {"uv": [0, 0, 0.4, 0.7], "texture": "#missing"},
				"west": {"uv": [0, 0, 1, 0.7], "texture": "#missing"},
				"up": {"uv": [0, 0, 0.4, 1], "texture": "#missing"},
				"down": {"uv": [0, 0, 0.4, 1], "texture": "#missing"}
			}
		},
		{
			"name": "LEFT",
			"from": [3, 0, 4],
			"to": [3.4, 0.7, 5],
			"rotation": {"angle": 0, "axis": "y", "origin": [3.2, 0.35, 3]},
			"color": 7,
			"faces": {
				"north": {"uv": [0, 0, 0.4, 0.7], "texture": "#missing"},
				"east": {"uv": [0, 0, 1, 0.7], "texture": "#missing"},
				"south": {"uv": [0, 0, 0.4, 0.7], "texture": "#missing"},
				"west": {"uv": [0, 0, 1, 0.7], "texture": "#missing"},
				"up": {"uv": [0, 0, 0.4, 1], "texture": "#missing"},
				"down": {"uv": [0, 0, 0.4, 1], "texture": "#missing"}
			}
		},
		{
			"name": "BODY",
			"from": [2, 0, 2],
			"to": [3.4, 0.7, 4],
			"color": 1,
			"faces": {
				"north": {"uv": [0, 0, 1.4, 0.7], "texture": "#missing"},
				"east": {"uv": [0, 0, 2, 0.7], "texture": "#missing"},
				"south": {"uv": [0, 0, 1.4, 0.7], "texture": "#missing"},
				"west": {"uv": [0, 0, 2, 0.7], "texture": "#missing"},
				"up": {"uv": [0, 0, 1.4, 2], "texture": "#missing"},
				"down": {"uv": [0, 0, 1.4, 2], "texture": "#missing"}
			}
		}
	],
	"groups": [
		{
			"name": "Keyboard",
			"origin": [8, 8, 10],
			"children": [0, 1, 2, 3, 4, 5, 6, 7, 8, 9, 10, 11, 12, 13, 14, 15, 16, 17, 18, 19, 20, 21, 22, 23, 24, 25, 26, 27]
		},
		{
			"name": "Mouse",
			"origin": [8, 8, 8],
			"children": [28, 29, 30]
		}
	]
}