{
	"credit": "Made with Blockbench",
	"textures": {
		"2": "blocks/emerald_block",
		"3": "blocks/slime",
		"4": "blocks/torch_on",
		"5": "blocks/sea_lantern",
		"6": "blocks/fire_layer_0",
		"particle": "blocks/fire_layer_0"
	},
	"elements": [
		{
			"from": [7.5, 0, 9],
			"to": [8.5, 1, 16],
			"rotation": {"angle": 0, "axis": "y", "origin": [8, 0.5, 12.5]},
			"faces": {
				"north": {"uv": [1.5, 0, 2, 0.5], "texture": "#4"},
				"east": {"uv": [7, 0, 9, 16], "rotation": 90, "texture": "#4"},
				"south": {"uv": [7, 0, 9, 16], "texture": "#4"},
				"west": {"uv": [7, 0, 9, 16], "rotation": 270, "texture": "#4"},
				"up": {"uv": [7, 0, 9, 16], "texture": "#4"},
				"down": {"uv": [7, 0, 9, 16], "rotation": 180, "texture": "#4"}
			}
		},
		{
			"from": [7.5, 0, 16],
			"to": [8.5, 1, 16],
			"rotation": {"angle": 0, "axis": "y", "origin": [16, 8, 24]},
			"faces": {
				"north": {"uv": [0, 0, 1, 1], "texture": "#2"},
				"east": {"uv": [0, 0, 0, 1], "texture": "#2"},
				"south": {"uv": [0, 0, 1, 1], "texture": "#2"},
				"west": {"uv": [0, 0, 0, 1], "texture": "#2"},
				"up": {"uv": [0, 0, 1, 0], "texture": "#2"},
				"down": {"uv": [0, 0, 1, 0], "texture": "#2"}
			}
		},
		{
			"from": [7.5, 0, 11.7],
			"to": [8.5, 1, 11.7],
			"rotation": {"angle": 0, "axis": "y", "origin": [16, 8, 24]},
			"faces": {
				"north": {"uv": [0, 0, 1, 1], "texture": "#3"},
				"east": {"uv": [0, 0, 0, 1], "texture": "#3"},
				"south": {"uv": [0, 0, 1, 1], "texture": "#3"},
				"west": {"uv": [0, 0, 0, 1], "texture": "#3"},
				"up": {"uv": [0, 0, 1, 0], "texture": "#3"},
				"down": {"uv": [0, 0, 1, 0], "texture": "#3"}
			}
		},
		{
			"from": [7.6, 0.1, 12],
			"to": [8.4, 0.9, 12.9],
			"rotation": {"angle": 0, "axis": "y", "origin": [8, 13, 8]},
			"faces": {
				"north": {"uv": [0, 0, 0.8, 0.8], "texture": "#5"},
				"east": {"uv": [0, 0, 0.9, 0.8], "texture": "#5"},
				"south": {"uv": [0, 0, 0.8, 0.8], "texture": "#5"},
				"west": {"uv": [0, 0, 0.9, 0.8], "texture": "#5"},
				"up": {"uv": [0, 0, 0.8, 0.9], "texture": "#5"},
				"down": {"uv": [0, 0, 0.8, 0.9], "texture": "#5"}
			}
		},
		{
			"from": [7.5, 0, 10],
			"to": [8.5, 1, 11],
			"rotation": {"angle": 0, "axis": "y", "origin": [15, 8, 18]},
			"faces": {
				"north": {"uv": [12.5, 1.5, 14.125, 2.625], "texture": "#6"},
				"east": {"uv": [12.5, 1.5, 14.125, 2.625], "texture": "#6"},
				"south": {"uv": [12.5, 1.5, 14.125, 2.625], "texture": "#6"},
				"west": {"uv": [12.5, 1.5, 14.125, 2.625], "texture": "#6"},
				"up": {"uv": [12.5, 1.5, 14.125, 2.625], "texture": "#6"},
				"down": {"uv": [12.5, 1.5, 14.125, 2.625], "texture": "#6"}
			}
		}
	],
	"display": {
		"thirdperson_righthand": {
			"rotation": [75, 0, 0],
			"translation": [-6, 12, 16.25]
		}
	}
}