{
	"credit": "Made with Blockbench",
	"textures": {
		"3": "blocks/iron_bars"
	},
	"elements": [
		{
			"from": [7, 0, -16],
			"to": [9, 2, 32],
			"rotation": {"angle": 0, "axis": "y", "origin": [16, 8, 8]},
			"faces": {
				"north": {"uv": [2, 14, 4, 16], "rotation": 180, "texture": "#3"},
				"east": {"uv": [2, 13.5, 4, 16], "rotation": 270, "texture": "#3"},
				"south": {"uv": [2, 0, 4, 2], "texture": "#3"},
				"west": {"uv": [2, 14, 4, 16], "rotation": 90, "texture": "#3"},
				"up": {"uv": [2, 0, 4, 16], "texture": "#3"},
				"down": {"uv": [2, 0, 4, 16], "texture": "#3"}
			}
		}
	],
	"display": {
		"fixed": {
			"rotation": [0, -180, 0],
			"translation": [0, 16, -80],
			"scale": [4, 4, 4]
		}
	}
}