{
	"credit": "Made with Blockbench",
	"textures": {
		"0": "blocks/custom/1keurobrief",
		"1": "blocks/side",
		"particle": "blocks/custom/1keurobrief"
	},
	"elements": [
		{
			"from": [9.6, 9.75, 7.01],
			"to": [10.6, 10.75, 8.01],
			"rotation": {"angle": 0, "axis": "y", "origin": [17.6, 17.7, 15]},
			"faces": {
				"north": {"uv": [0, 0, 15.956, 15.956], "texture": "#1"},
				"east": {"uv": [0, 0, 1, 1], "texture": "#1"},
				"south": {"uv": [0, 0, 15.956, 15.956], "texture": "#1"},
				"west": {"uv": [0, 0, 1, 1], "texture": "#1"},
				"up": {"uv": [0, 0, 1, 1], "texture": "#1"},
				"down": {"uv": [0, 0, 1, 1], "texture": "#1"}
			}
		},
		{
			"from": [5, 7.5, 7],
			"to": [11, 11, 8],
			"rotation": {"angle": 0, "axis": "y", "origin": [15, 8, 8]},
			"faces": {
				"north": {"uv": [0, 0, 16, 16], "texture": "#0"},
				"east": {"uv": [0, 0, 1, 1], "texture": "#0"},
				"south": {"uv": [0, 0, 16, 16], "texture": "#0"},
				"west": {"uv": [0, 0, 1, 1], "texture": "#0"},
				"up": {"uv": [0, 0, 2, 1], "texture": "#0"},
				"down": {"uv": [0, 0, 2, 1], "texture": "#0"}
			}
		},
		{
			"from": [5.4, 9.75, 6.99],
			"to": [6.4, 10.75, 7.99],
			"rotation": {"angle": 0, "axis": "y", "origin": [13.4, 17.7, 14.9]},
			"faces": {
				"north": {"uv": [0, 0, 15.956, 15.956], "texture": "#1"},
				"east": {"uv": [0, 0, 1, 1], "texture": "#1"},
				"south": {"uv": [0, 0, 15.956, 15.956], "texture": "#1"},
				"west": {"uv": [0, 0, 1, 1], "texture": "#1"},
				"up": {"uv": [0, 0, 1, 1], "texture": "#1"},
				"down": {"uv": [0, 0, 1, 1], "texture": "#1"}
			}
		}
	],
	"display": {
		"thirdperson_righthand": {
			"translation": [0, 0.5, 1]
		},
		"thirdperson_lefthand": {
			"translation": [0, 0.5, 1]
		},
		"firstperson_righthand": {
			"translation": [0, 1, 0]
		},
		"firstperson_lefthand": {
			"translation": [0, 1, 0]
		},
		"ground": {
			"scale": [2, 2, 1]
		},
		"gui": {
			"translation": [0, -3.5, 0],
			"scale": [2.5, 2.5, 1]
		},
		"fixed": {
			"translation": [0, -2.5, 0],
			"scale": [2, 2, 1]
		}
	}
}