{
	"credit": "Made with Blockbench",
	"ambientocclusion": false,
	"textures": {
		"0": "blocks/concrete_white",
		"particle": "blocks/concrete_white"
	},
	"elements": [
		{
			"from": [0, 0, 0],
			"to": [1, 1, 16],
			"faces": {
				"east": {"uv": [0, 0, 16, 16], "texture": "#0", "cullface": "north"},
				"south": {"uv": [0, 0, 16, 16], "texture": "#0", "cullface": "north"},
				"west": {"uv": [0, 0, 16, 16], "texture": "#0", "cullface": "north"},
				"up": {"uv": [0, 0, 16, 16], "texture": "#0", "cullface": "north"},
				"down": {"uv": [0, 0, 16, 16], "texture": "#0", "cullface": "north"}
			}
		}
	],
	"display": {
		"thirdperson_righthand": {
			"rotation": [75, 45, 0],
			"translation": [0, 2.5, 0],
			"scale": [0.375, 0.375, 0.375]
		},
		"thirdperson_lefthand": {
			"rotation": [75, 45, 0],
			"translation": [0, 2.5, 0],
			"scale": [0.375, 0.375, 0.375]
		},
		"firstperson_righthand": {
			"rotation": [0, 45, 0],
			"scale": [0.4, 0.4, 0.4]
		},
		"firstperson_lefthand": {
			"rotation": [0, 225, 0],
			"scale": [0.4, 0.4, 0.4]
		},
		"ground": {
			"translation": [0, 3, 0],
			"scale": [0.25, 0.25, 0.25]
		},
		"gui": {
			"scale": [0.625, 0.625, 0.625]
		},
		"fixed": {
			"scale": [0.5, 0.5, 0.5]
		}
	},
	"groups": [
		{
			"name": "group",
			"origin": [1.5, 12, 14.5],
			"children": []
		}, 0]
}