{
	"credit": "Made with Blockbench",
	"textures": {
		"0": "blocks/planks_spruce",
		"1": "blocks/weed_undergrond",
		"2": "blocks/melon_side",
		"particle": "blocks/planks_spruce"
	},
	"elements": [
		{
			"name": "disc",
			"from": [0, 0, 0],
			"to": [16, 1, 16],
			"faces": {
				"north": {"uv": [0, 0, 16, 1], "texture": "#0"},
				"east": {"uv": [0, 0, 16, 1], "texture": "#0"},
				"south": {"uv": [0, 0, 16, 1], "texture": "#0"},
				"west": {"uv": [0, 0, 16, 1], "texture": "#0"},
				"up": {"uv": [0, 0, 16, 1], "texture": "#0"},
				"down": {"uv": [0, 0, 16, 16], "texture": "#0"}
			}
		},
		{
			"name": "disc",
			"from": [0, 2, 0],
			"to": [16, 3, 16],
			"rotation": {"angle": 0, "axis": "y", "origin": [8, 10, 8]},
			"faces": {
				"north": {"uv": [0, 15, 16, 16], "texture": "#0"},
				"east": {"uv": [0, 15, 16, 16], "texture": "#0"},
				"south": {"uv": [0, 15, 16, 16], "texture": "#0"},
				"west": {"uv": [0, 15, 16, 16], "texture": "#0"},
				"up": {"uv": [0, 0, 16, 16], "texture": "#0"},
				"down": {"uv": [0, 15, 16, 16], "texture": "#0"}
			}
		},
		{
			"name": "disc",
			"from": [0.2, 1, 0.2],
			"to": [15.8, 2, 15.8],
			"rotation": {"angle": 0, "axis": "y", "origin": [8, 9, 8]},
			"faces": {
				"north": {"uv": [0, 3.5, 15.6, 4], "texture": "#0"},
				"east": {"uv": [0, 3.5, 15.6, 4], "texture": "#0"},
				"south": {"uv": [0, 3.5, 15.6, 4], "texture": "#0"},
				"west": {"uv": [0, 3.5, 15.6, 4], "texture": "#0"},
				"up": {"uv": [0, 3.5, 15.6, 4], "texture": "#0"},
				"down": {"uv": [0, 3.5, 15.6, 4], "texture": "#0"}
			}
		},
		{
			"name": "Grass",
			"from": [1, 3, 1],
			"to": [15, 4, 15],
			"rotation": {"angle": 0, "axis": "y", "origin": [9, 8, 9]},
			"faces": {
				"north": {"uv": [0, 0, 14, 1], "texture": "#1"},
				"east": {"uv": [0, 0, 14, 1], "texture": "#1"},
				"south": {"uv": [0, 0, 14, 1], "texture": "#1"},
				"west": {"uv": [0, 0, 14, 1], "texture": "#1"},
				"up": {"uv": [0, 1, 15, 16], "texture": "#1"},
				"down": {"uv": [0, 0, 14, 1], "texture": "#1"}
			}
		},
		{
			"name": "leaf",
			"from": [5, 12, 11],
			"to": [6, 12.5, 15],
			"rotation": {"angle": -22.5, "axis": "x", "origin": [13, 5, 19]},
			"faces": {
				"north": {"uv": [3, 2.5, 3.5, 6.5], "rotation": 90, "texture": "#2"},
				"east": {"uv": [3, 2.5, 3.5, 6.5], "rotation": 90, "texture": "#2"},
				"south": {"uv": [3, 2.5, 3.5, 6.5], "rotation": 90, "texture": "#2"},
				"west": {"uv": [3, 2.5, 3.5, 6.5], "rotation": 90, "texture": "#2"},
				"up": {"uv": [3, 2.5, 3.5, 6.5], "rotation": 90, "texture": "#2"},
				"down": {"uv": [3, 2.5, 3.5, 6.5], "rotation": 90, "texture": "#2"}
			}
		},
		{
			"name": "leaf",
			"from": [5, 11, 11],
			"to": [6, 11.5, 13],
			"rotation": {"angle": -22.5, "axis": "x", "origin": [13, 4, 19]},
			"faces": {
				"north": {"uv": [3, 2.5, 3.5, 6.5], "rotation": 90, "texture": "#2"},
				"east": {"uv": [3, 2.5, 3.5, 6.5], "rotation": 90, "texture": "#2"},
				"south": {"uv": [3, 2.5, 3.5, 6.5], "rotation": 90, "texture": "#2"},
				"west": {"uv": [3, 2.5, 3.5, 6.5], "rotation": 90, "texture": "#2"},
				"up": {"uv": [3, 2.5, 3.5, 6.5], "rotation": 90, "texture": "#2"},
				"down": {"uv": [3, 2.5, 3.5, 6.5], "rotation": 90, "texture": "#2"}
			}
		},
		{
			"name": "leaf",
			"from": [4.9, 11.5, 11],
			"to": [5.9, 12, 14.5],
			"rotation": {"angle": -22.5, "axis": "x", "origin": [13, 5, 19]},
			"faces": {
				"north": {"uv": [3, 2.5, 3.5, 6.5], "rotation": 90, "texture": "#2"},
				"east": {"uv": [3, 2.5, 3.5, 6.5], "rotation": 90, "texture": "#2"},
				"south": {"uv": [3, 2.5, 3.5, 6.5], "rotation": 90, "texture": "#2"},
				"west": {"uv": [3, 2.5, 3.5, 6.5], "rotation": 90, "texture": "#2"},
				"up": {"uv": [3, 2.5, 3.5, 6.5], "rotation": 90, "texture": "#2"},
				"down": {"uv": [3, 2.5, 3.5, 6.5], "rotation": 90, "texture": "#2"}
			}
		},
		{
			"name": "leaf",
			"from": [5, 14, 11],
			"to": [6, 14.5, 14],
			"rotation": {"angle": -22.5, "axis": "x", "origin": [13, 7, 19]},
			"faces": {
				"north": {"uv": [1.5, 1, 2, 4], "rotation": 90, "texture": "#2"},
				"east": {"uv": [1.5, 1, 2, 4], "rotation": 90, "texture": "#2"},
				"south": {"uv": [1.5, 1, 2, 4], "rotation": 90, "texture": "#2"},
				"west": {"uv": [1.5, 1, 2, 4], "rotation": 90, "texture": "#2"},
				"up": {"uv": [1.5, 1, 2, 4], "rotation": 90, "texture": "#2"},
				"down": {"uv": [1.5, 1, 2, 4], "rotation": 90, "texture": "#2"}
			}
		},
		{
			"name": "leaf",
			"from": [5.1, 13.5, 11],
			"to": [6.1, 14, 13.5],
			"rotation": {"angle": -22.5, "axis": "x", "origin": [13, 7, 19]},
			"faces": {
				"north": {"uv": [1.5, 1, 2, 4], "rotation": 90, "texture": "#2"},
				"east": {"uv": [1.5, 1, 2, 4], "rotation": 90, "texture": "#2"},
				"south": {"uv": [1.5, 1, 2, 4], "rotation": 90, "texture": "#2"},
				"west": {"uv": [1.5, 1, 2, 4], "rotation": 90, "texture": "#2"},
				"up": {"uv": [1.5, 1, 2, 4], "rotation": 90, "texture": "#2"},
				"down": {"uv": [1.5, 1, 2, 4], "rotation": 90, "texture": "#2"}
			}
		},
		{
			"name": "leaf",
			"from": [4, 15.5, 11],
			"to": [5, 16, 15],
			"rotation": {"angle": -22.5, "axis": "x", "origin": [12, 8, 19]},
			"faces": {
				"north": {"uv": [2.5, 2, 3, 6], "rotation": 90, "texture": "#2"},
				"east": {"uv": [2.5, 2, 3, 6], "rotation": 90, "texture": "#2"},
				"south": {"uv": [2.5, 2, 3, 6], "rotation": 90, "texture": "#2"},
				"west": {"uv": [2.5, 2, 3, 6], "rotation": 90, "texture": "#2"},
				"up": {"uv": [2.5, 2, 3, 6], "rotation": 90, "texture": "#2"},
				"down": {"uv": [2.5, 2, 3, 6], "rotation": 90, "texture": "#2"}
			}
		},
		{
			"name": "leaf",
			"from": [4, 15, 11],
			"to": [5, 15.5, 14.5],
			"rotation": {"angle": -22.5, "axis": "x", "origin": [12, 8, 19]},
			"faces": {
				"north": {"uv": [2.5, 2, 3, 6], "rotation": 90, "texture": "#2"},
				"east": {"uv": [2.5, 2, 3, 6], "rotation": 90, "texture": "#2"},
				"south": {"uv": [2.5, 2, 3, 6], "rotation": 90, "texture": "#2"},
				"west": {"uv": [2.5, 2, 3, 6], "rotation": 90, "texture": "#2"},
				"up": {"uv": [2.5, 2, 3, 6], "rotation": 90, "texture": "#2"},
				"down": {"uv": [2.5, 2, 3, 6], "rotation": 90, "texture": "#2"}
			}
		},
		{
			"name": "leaf",
			"from": [4, 17, 11],
			"to": [5, 17.5, 14],
			"rotation": {"angle": -22.5, "axis": "x", "origin": [12, 10, 19]},
			"faces": {
				"north": {"uv": [3, 2.5, 3.5, 5.5], "rotation": 90, "texture": "#2"},
				"east": {"uv": [3, 2.5, 3.5, 5.5], "rotation": 90, "texture": "#2"},
				"south": {"uv": [3, 2.5, 3.5, 5.5], "rotation": 90, "texture": "#2"},
				"west": {"uv": [3, 2.5, 3.5, 5.5], "rotation": 90, "texture": "#2"},
				"up": {"uv": [3, 2.5, 3.5, 5.5], "rotation": 90, "texture": "#2"},
				"down": {"uv": [3, 2.5, 3.5, 5.5], "rotation": 90, "texture": "#2"}
			}
		},
		{
			"name": "leaf",
			"from": [4.1, 16.5, 11],
			"to": [5.1, 17, 13.5],
			"rotation": {"angle": -22.5, "axis": "x", "origin": [12, 10, 19]},
			"faces": {
				"north": {"uv": [3, 2.5, 3.5, 5.5], "rotation": 90, "texture": "#2"},
				"east": {"uv": [3, 2.5, 3.5, 5.5], "rotation": 90, "texture": "#2"},
				"south": {"uv": [3, 2.5, 3.5, 5.5], "rotation": 90, "texture": "#2"},
				"west": {"uv": [3, 2.5, 3.5, 5.5], "rotation": 90, "texture": "#2"},
				"up": {"uv": [3, 2.5, 3.5, 5.5], "rotation": 90, "texture": "#2"},
				"down": {"uv": [3, 2.5, 3.5, 5.5], "rotation": 90, "texture": "#2"}
			}
		},
		{
			"name": "leaf",
			"from": [3, 19, 12],
			"to": [4, 19.5, 13],
			"rotation": {"angle": -22.5, "axis": "x", "origin": [11, 12, 19]},
			"faces": {
				"north": {"uv": [3, 3.5, 3.5, 4.5], "rotation": 90, "texture": "#2"},
				"east": {"uv": [3, 3.5, 3.5, 4.5], "rotation": 90, "texture": "#2"},
				"south": {"uv": [3, 3.5, 3.5, 4.5], "rotation": 90, "texture": "#2"},
				"west": {"uv": [3, 3.5, 3.5, 4.5], "rotation": 90, "texture": "#2"},
				"up": {"uv": [3, 3.5, 3.5, 4.5], "rotation": 90, "texture": "#2"},
				"down": {"uv": [3, 3.5, 3.5, 4.5], "rotation": 90, "texture": "#2"}
			}
		},
		{
			"name": "leaf",
			"from": [3, 18, 12],
			"to": [4, 18.5, 13],
			"rotation": {"angle": -22.5, "axis": "x", "origin": [11, 11, 19]},
			"faces": {
				"north": {"uv": [3, 3.5, 3.5, 4.5], "rotation": 90, "texture": "#2"},
				"east": {"uv": [3, 3.5, 3.5, 4.5], "rotation": 90, "texture": "#2"},
				"south": {"uv": [3, 3.5, 3.5, 4.5], "rotation": 90, "texture": "#2"},
				"west": {"uv": [3, 3.5, 3.5, 4.5], "rotation": 90, "texture": "#2"},
				"up": {"uv": [3, 3.5, 3.5, 4.5], "rotation": 90, "texture": "#2"},
				"down": {"uv": [3, 3.5, 3.5, 4.5], "rotation": 90, "texture": "#2"}
			}
		},
		{
			"name": "leaf",
			"from": [2.9, 18.5, 12],
			"to": [3.9, 19, 12.5],
			"rotation": {"angle": -22.5, "axis": "x", "origin": [11, 12, 19]},
			"faces": {
				"north": {"uv": [3, 3.5, 3.5, 4.5], "rotation": 90, "texture": "#2"},
				"east": {"uv": [3, 3.5, 3.5, 4.5], "rotation": 90, "texture": "#2"},
				"south": {"uv": [3, 3.5, 3.5, 4.5], "rotation": 90, "texture": "#2"},
				"west": {"uv": [3, 3.5, 3.5, 4.5], "rotation": 90, "texture": "#2"},
				"up": {"uv": [3, 3.5, 3.5, 4.5], "rotation": 90, "texture": "#2"},
				"down": {"uv": [3, 3.5, 3.5, 4.5], "rotation": 90, "texture": "#2"}
			}
		},
		{
			"name": "leaf",
			"from": [3.9, 18.5, 11.5],
			"to": [4.4, 19, 12],
			"rotation": {"angle": -22.5, "axis": "x", "origin": [12, 12, 19]},
			"faces": {
				"north": {"uv": [3, 3.5, 3.5, 4.5], "rotation": 90, "texture": "#2"},
				"east": {"uv": [3, 3.5, 3.5, 4.5], "rotation": 90, "texture": "#2"},
				"south": {"uv": [3, 3.5, 3.5, 4.5], "rotation": 90, "texture": "#2"},
				"west": {"uv": [3, 3.5, 3.5, 4.5], "rotation": 90, "texture": "#2"},
				"up": {"uv": [3, 3.5, 3.5, 4.5], "rotation": 90, "texture": "#2"},
				"down": {"uv": [3, 3.5, 3.5, 4.5], "rotation": 90, "texture": "#2"}
			}
		},
		{
			"name": "leaf",
			"from": [4.9, 16.5, 10.5],
			"to": [5.4, 17, 11],
			"rotation": {"angle": -22.5, "axis": "x", "origin": [13, 10, 18]},
			"faces": {
				"north": {"uv": [3, 3.5, 3.5, 4.5], "rotation": 90, "texture": "#2"},
				"east": {"uv": [3, 3.5, 3.5, 4.5], "rotation": 90, "texture": "#2"},
				"south": {"uv": [3, 3.5, 3.5, 4.5], "rotation": 90, "texture": "#2"},
				"west": {"uv": [3, 3.5, 3.5, 4.5], "rotation": 90, "texture": "#2"},
				"up": {"uv": [3, 3.5, 3.5, 4.5], "rotation": 90, "texture": "#2"},
				"down": {"uv": [3, 3.5, 3.5, 4.5], "rotation": 90, "texture": "#2"}
			}
		},
		{
			"name": "leaf",
			"from": [5.9, 14.5, 11.5],
			"to": [6.4, 15, 12],
			"rotation": {"angle": -22.5, "axis": "x", "origin": [14, 8, 19]},
			"faces": {
				"north": {"uv": [3, 3.5, 3.5, 4.5], "rotation": 90, "texture": "#2"},
				"east": {"uv": [3, 3.5, 3.5, 4.5], "rotation": 90, "texture": "#2"},
				"south": {"uv": [3, 3.5, 3.5, 4.5], "rotation": 90, "texture": "#2"},
				"west": {"uv": [3, 3.5, 3.5, 4.5], "rotation": 90, "texture": "#2"},
				"up": {"uv": [3, 3.5, 3.5, 4.5], "rotation": 90, "texture": "#2"},
				"down": {"uv": [3, 3.5, 3.5, 4.5], "rotation": 90, "texture": "#2"}
			}
		},
		{
			"name": "leaf",
			"from": [5.9, 11.5, 11.5],
			"to": [6.4, 12, 12],
			"rotation": {"angle": -22.5, "axis": "x", "origin": [14, 5, 19]},
			"faces": {
				"north": {"uv": [3, 3.5, 3.5, 4.5], "rotation": 90, "texture": "#2"},
				"east": {"uv": [3, 3.5, 3.5, 4.5], "rotation": 90, "texture": "#2"},
				"south": {"uv": [3, 3.5, 3.5, 4.5], "rotation": 90, "texture": "#2"},
				"west": {"uv": [3, 3.5, 3.5, 4.5], "rotation": 90, "texture": "#2"},
				"up": {"uv": [3, 3.5, 3.5, 4.5], "rotation": 90, "texture": "#2"},
				"down": {"uv": [3, 3.5, 3.5, 4.5], "rotation": 90, "texture": "#2"}
			}
		},
		{
			"name": "leaf",
			"from": [4.9, 11.5, 9.5],
			"to": [5.4, 12, 10],
			"rotation": {"angle": -22.5, "axis": "x", "origin": [13, 5, 17]},
			"faces": {
				"north": {"uv": [3, 3.5, 3.5, 4.5], "rotation": 90, "texture": "#2"},
				"east": {"uv": [3, 3.5, 3.5, 4.5], "rotation": 90, "texture": "#2"},
				"south": {"uv": [3, 3.5, 3.5, 4.5], "rotation": 90, "texture": "#2"},
				"west": {"uv": [3, 3.5, 3.5, 4.5], "rotation": 90, "texture": "#2"},
				"up": {"uv": [3, 3.5, 3.5, 4.5], "rotation": 90, "texture": "#2"},
				"down": {"uv": [3, 3.5, 3.5, 4.5], "rotation": 90, "texture": "#2"}
			}
		},
		{
			"name": "leaf",
			"from": [3.9, 17.5, 9.5],
			"to": [4.4, 18, 10],
			"rotation": {"angle": -22.5, "axis": "x", "origin": [12, 11, 17]},
			"faces": {
				"north": {"uv": [3, 3.5, 3.5, 4.5], "rotation": 90, "texture": "#2"},
				"east": {"uv": [3, 3.5, 3.5, 4.5], "rotation": 90, "texture": "#2"},
				"south": {"uv": [3, 3.5, 3.5, 4.5], "rotation": 90, "texture": "#2"},
				"west": {"uv": [3, 3.5, 3.5, 4.5], "rotation": 90, "texture": "#2"},
				"up": {"uv": [3, 3.5, 3.5, 4.5], "rotation": 90, "texture": "#2"},
				"down": {"uv": [3, 3.5, 3.5, 4.5], "rotation": 90, "texture": "#2"}
			}
		},
		{
			"name": "leaf",
			"from": [5, 8, 3],
			"to": [6, 8.5, 5],
			"rotation": {"angle": 22.5, "axis": "y", "origin": [13, 1, 8]},
			"faces": {
				"north": {"uv": [7, 5, 9.5, 5.5], "rotation": 180, "texture": "#2"},
				"east": {"uv": [7, 5, 9.5, 5.5], "rotation": 180, "texture": "#2"},
				"south": {"uv": [7, 5, 9.5, 5.5], "rotation": 180, "texture": "#2"},
				"west": {"uv": [7, 5, 9.5, 5.5], "rotation": 180, "texture": "#2"},
				"up": {"uv": [7, 5, 9.5, 5.5], "rotation": 180, "texture": "#2"},
				"down": {"uv": [7, 5, 9.5, 5.5], "rotation": 180, "texture": "#2"}
			}
		},
		{
			"name": "leaf",
			"from": [4.8, 7.5, 3.5],
			"to": [5.8, 8, 5],
			"rotation": {"angle": 22.5, "axis": "y", "origin": [13, 1, 8]},
			"faces": {
				"north": {"uv": [7, 8, 9.5, 8.5], "rotation": 180, "texture": "#2"},
				"east": {"uv": [7, 8, 9.5, 8.5], "rotation": 180, "texture": "#2"},
				"south": {"uv": [7, 8, 9.5, 8.5], "rotation": 180, "texture": "#2"},
				"west": {"uv": [7, 8, 9.5, 8.5], "rotation": 180, "texture": "#2"},
				"up": {"uv": [7, 8, 9.5, 8.5], "rotation": 180, "texture": "#2"},
				"down": {"uv": [7, 8, 9.5, 8.5], "rotation": 180, "texture": "#2"}
			}
		},
		{
			"name": "leaf",
			"from": [5, 10, 1],
			"to": [6, 10.5, 5],
			"rotation": {"angle": 22.5, "axis": "y", "origin": [13, 1, 7]},
			"faces": {
				"north": {"uv": [7, 4, 9.5, 4.5], "rotation": 180, "texture": "#2"},
				"east": {"uv": [7, 4, 9.5, 4.5], "rotation": 180, "texture": "#2"},
				"south": {"uv": [7, 4, 9.5, 4.5], "rotation": 180, "texture": "#2"},
				"west": {"uv": [7, 4, 9.5, 4.5], "rotation": 180, "texture": "#2"},
				"up": {"uv": [7, 4, 9.5, 4.5], "rotation": 180, "texture": "#2"},
				"down": {"uv": [7, 4, 9.5, 4.5], "rotation": 180, "texture": "#2"}
			}
		},
		{
			"name": "leaf",
			"from": [5, 9, 3],
			"to": [6, 9.5, 5],
			"rotation": {"angle": 22.5, "axis": "y", "origin": [13, 0, 7]},
			"faces": {
				"north": {"uv": [7, 3.5, 9.5, 4], "rotation": 180, "texture": "#2"},
				"east": {"uv": [7, 3.5, 9.5, 4], "rotation": 180, "texture": "#2"},
				"south": {"uv": [7, 3.5, 9.5, 4], "rotation": 180, "texture": "#2"},
				"west": {"uv": [7, 3.5, 9.5, 4], "rotation": 180, "texture": "#2"},
				"up": {"uv": [7, 3.5, 9.5, 4], "rotation": 180, "texture": "#2"},
				"down": {"uv": [7, 3.5, 9.5, 4], "rotation": 180, "texture": "#2"}
			}
		},
		{
			"name": "leaf",
			"from": [5.1, 9.5, 1.5],
			"to": [6.1, 10, 5],
			"rotation": {"angle": 22.5, "axis": "y", "origin": [13, 1, 7]},
			"faces": {
				"north": {"uv": [5.5, 4, 8, 4.5], "rotation": 180, "texture": "#2"},
				"east": {"uv": [5.5, 4, 8, 4.5], "rotation": 180, "texture": "#2"},
				"south": {"uv": [5.5, 4, 8, 4.5], "rotation": 180, "texture": "#2"},
				"west": {"uv": [5.5, 4, 8, 4.5], "rotation": 180, "texture": "#2"},
				"up": {"uv": [5.5, 4, 8, 4.5], "rotation": 180, "texture": "#2"},
				"down": {"uv": [5.5, 4, 8, 4.5], "rotation": 180, "texture": "#2"}
			}
		},
		{
			"name": "leaf",
			"from": [4, 12.5, 1],
			"to": [5, 13, 5],
			"rotation": {"angle": 22.5, "axis": "y", "origin": [13, 2, 7]},
			"faces": {
				"north": {"uv": [2.5, 1.5, 3, 5.5], "rotation": 90, "texture": "#2"},
				"east": {"uv": [2.5, 1.5, 3, 5.5], "rotation": 90, "texture": "#2"},
				"south": {"uv": [2.5, 1.5, 3, 5.5], "rotation": 90, "texture": "#2"},
				"west": {"uv": [2.5, 1.5, 3, 5.5], "rotation": 90, "texture": "#2"},
				"up": {"uv": [2.5, 1.5, 3, 5.5], "rotation": 90, "texture": "#2"},
				"down": {"uv": [2.5, 1.5, 3, 5.5], "rotation": 90, "texture": "#2"}
			}
		},
		{
			"name": "leaf",
			"from": [4, 11.5, 3],
			"to": [5, 12, 5],
			"rotation": {"angle": 22.5, "axis": "y", "origin": [13, 1, 7]},
			"faces": {
				"north": {"uv": [2.5, 1.5, 3, 5.5], "rotation": 90, "texture": "#2"},
				"east": {"uv": [2.5, 1.5, 3, 5.5], "rotation": 90, "texture": "#2"},
				"south": {"uv": [2.5, 1.5, 3, 5.5], "rotation": 90, "texture": "#2"},
				"west": {"uv": [2.5, 1.5, 3, 5.5], "rotation": 90, "texture": "#2"},
				"up": {"uv": [2.5, 1.5, 3, 5.5], "rotation": 90, "texture": "#2"},
				"down": {"uv": [2.5, 1.5, 3, 5.5], "rotation": 90, "texture": "#2"}
			}
		},
		{
			"name": "leaf",
			"from": [4.1, 12, 1.5],
			"to": [5.1, 12.5, 5],
			"rotation": {"angle": 22.5, "axis": "y", "origin": [13, 2, 7]},
			"faces": {
				"north": {"uv": [2.5, 1.5, 3, 5.5], "rotation": 90, "texture": "#2"},
				"east": {"uv": [2.5, 1.5, 3, 5.5], "rotation": 90, "texture": "#2"},
				"south": {"uv": [2.5, 1.5, 3, 5.5], "rotation": 90, "texture": "#2"},
				"west": {"uv": [2.5, 1.5, 3, 5.5], "rotation": 90, "texture": "#2"},
				"up": {"uv": [2.5, 1.5, 3, 5.5], "rotation": 90, "texture": "#2"},
				"down": {"uv": [2.5, 1.5, 3, 5.5], "rotation": 90, "texture": "#2"}
			}
		},
		{
			"name": "leaf",
			"from": [5, 14, 2],
			"to": [6, 14.5, 5],
			"rotation": {"angle": 22.5, "axis": "y", "origin": [14, 2, 9]},
			"faces": {
				"north": {"uv": [2, 1.5, 2.5, 4.5], "rotation": 90, "texture": "#2"},
				"east": {"uv": [2, 1.5, 2.5, 4.5], "rotation": 90, "texture": "#2"},
				"south": {"uv": [2, 1.5, 2.5, 4.5], "rotation": 90, "texture": "#2"},
				"west": {"uv": [2, 1.5, 2.5, 4.5], "rotation": 90, "texture": "#2"},
				"up": {"uv": [2, 1.5, 2.5, 4.5], "rotation": 90, "texture": "#2"},
				"down": {"uv": [2, 1.5, 2.5, 4.5], "rotation": 90, "texture": "#2"}
			}
		},
		{
			"name": "leaf",
			"from": [5, 13.5, 2.5],
			"to": [6, 14, 5],
			"rotation": {"angle": 22.5, "axis": "y", "origin": [14, 2, 9]},
			"faces": {
				"north": {"uv": [2, 1.5, 2.5, 4.5], "rotation": 90, "texture": "#2"},
				"east": {"uv": [2, 1.5, 2.5, 4.5], "rotation": 90, "texture": "#2"},
				"south": {"uv": [2, 1.5, 2.5, 4.5], "rotation": 90, "texture": "#2"},
				"west": {"uv": [2, 1.5, 2.5, 4.5], "rotation": 90, "texture": "#2"},
				"up": {"uv": [2, 1.5, 2.5, 4.5], "rotation": 90, "texture": "#2"},
				"down": {"uv": [2, 1.5, 2.5, 4.5], "rotation": 90, "texture": "#2"}
			}
		},
		{
			"name": "leaf",
			"from": [4, 16, 4],
			"to": [5, 16.5, 5],
			"rotation": {"angle": 22.5, "axis": "y", "origin": [14, 2, 11]},
			"faces": {
				"north": {"uv": [1.5, 12.5, 2, 14.5], "rotation": 90, "texture": "#2"},
				"east": {"uv": [1.5, 12.5, 2, 14.5], "rotation": 90, "texture": "#2"},
				"south": {"uv": [1.5, 12.5, 2, 14.5], "rotation": 90, "texture": "#2"},
				"west": {"uv": [1.5, 12.5, 2, 14.5], "rotation": 90, "texture": "#2"},
				"up": {"uv": [1.5, 12.5, 2, 14.5], "rotation": 90, "texture": "#2"},
				"down": {"uv": [1.5, 12.5, 2, 14.5], "rotation": 90, "texture": "#2"}
			}
		},
		{
			"name": "leaf",
			"from": [4, 15.5, 4.5],
			"to": [5, 16, 5],
			"rotation": {"angle": 22.5, "axis": "y", "origin": [14, 2, 11]},
			"faces": {
				"north": {"uv": [1.5, 12.5, 2, 14.5], "rotation": 90, "texture": "#2"},
				"east": {"uv": [1.5, 12.5, 2, 14.5], "rotation": 90, "texture": "#2"},
				"south": {"uv": [1.5, 12.5, 2, 14.5], "rotation": 90, "texture": "#2"},
				"west": {"uv": [1.5, 12.5, 2, 14.5], "rotation": 90, "texture": "#2"},
				"up": {"uv": [1.5, 12.5, 2, 14.5], "rotation": 90, "texture": "#2"},
				"down": {"uv": [1.5, 12.5, 2, 14.5], "rotation": 90, "texture": "#2"}
			}
		},
		{
			"name": "plant_stem",
			"from": [5, 4, 8],
			"to": [6, 11, 9],
			"rotation": {"angle": 0, "axis": "y", "origin": [13, 12, 16]},
			"faces": {
				"north": {"uv": [3.5, 0.5, 4.5, 7.5], "texture": "#2"},
				"east": {"uv": [3.5, 0.5, 4.5, 7.5], "texture": "#2"},
				"south": {"uv": [3.5, 0.5, 4.5, 7.5], "texture": "#2"},
				"west": {"uv": [3.5, 0.5, 4.5, 7.5], "texture": "#2"},
				"up": {"uv": [3.5, 0.5, 4.5, 7.5], "texture": "#2"},
				"down": {"uv": [3.5, 0.5, 4.5, 7.5], "texture": "#2"}
			}
		},
		{
			"name": "plant_stem",
			"from": [4, 11, 8],
			"to": [5, 15, 9],
			"rotation": {"angle": 0, "axis": "y", "origin": [12, 19, 16]},
			"faces": {
				"north": {"uv": [1.5, 0, 2.5, 4], "texture": "#2"},
				"east": {"uv": [1.5, 0, 2.5, 4], "texture": "#2"},
				"south": {"uv": [1.5, 0, 2.5, 4], "texture": "#2"},
				"west": {"uv": [1.5, 0, 2.5, 4], "texture": "#2"},
				"up": {"uv": [1.5, 0, 2.5, 4], "texture": "#2"},
				"down": {"uv": [1.5, 0, 2.5, 4], "texture": "#2"}
			}
		},
		{
			"name": "plant_stem",
			"from": [4.5, 10, 8],
			"to": [5, 11, 9],
			"rotation": {"angle": 0, "axis": "y", "origin": [12, 18, 16]},
			"faces": {
				"north": {"uv": [1.5, 2.5, 2.5, 4], "texture": "#2"},
				"east": {"uv": [1.5, 2.5, 2.5, 4], "texture": "#2"},
				"south": {"uv": [1.5, 2.5, 2.5, 4], "texture": "#2"},
				"west": {"uv": [1.5, 2.5, 2.5, 4], "texture": "#2"},
				"up": {"uv": [1.5, 2.5, 2.5, 4], "texture": "#2"},
				"down": {"uv": [1.5, 2.5, 2.5, 4], "texture": "#2"}
			}
		},
		{
			"name": "plant_stem",
			"from": [3.5, 13, 8.5],
			"to": [4, 14, 9.5],
			"rotation": {"angle": 0, "axis": "y", "origin": [11, 21, 16]},
			"faces": {
				"north": {"uv": [1.5, 2.5, 2.5, 4], "texture": "#2"},
				"east": {"uv": [1.5, 2.5, 2.5, 4], "texture": "#2"},
				"south": {"uv": [1.5, 2.5, 2.5, 4], "texture": "#2"},
				"west": {"uv": [1.5, 2.5, 2.5, 4], "texture": "#2"},
				"up": {"uv": [1.5, 2.5, 2.5, 4], "texture": "#2"},
				"down": {"uv": [1.5, 2.5, 2.5, 4], "texture": "#2"}
			}
		},
		{
			"name": "plant_stem",
			"from": [5, 11, 8],
			"to": [5.5, 12, 9],
			"rotation": {"angle": 0, "axis": "y", "origin": [13, 19, 16]},
			"faces": {
				"north": {"uv": [1.5, 2.5, 2.5, 4], "texture": "#2"},
				"east": {"uv": [1.5, 2.5, 2.5, 4], "texture": "#2"},
				"south": {"uv": [1.5, 2.5, 2.5, 4], "texture": "#2"},
				"west": {"uv": [1.5, 2.5, 2.5, 4], "texture": "#2"},
				"up": {"uv": [1.5, 2.5, 2.5, 4], "texture": "#2"},
				"down": {"uv": [1.5, 2.5, 2.5, 4], "texture": "#2"}
			}
		},
		{
			"name": "plant_stem",
			"from": [4, 15, 8.5],
			"to": [4.5, 16, 9.5],
			"rotation": {"angle": 0, "axis": "y", "origin": [12, 23, 16]},
			"faces": {
				"north": {"uv": [1.5, 2.5, 2.5, 4], "texture": "#2"},
				"east": {"uv": [1.5, 2.5, 2.5, 4], "texture": "#2"},
				"south": {"uv": [1.5, 2.5, 2.5, 4], "texture": "#2"},
				"west": {"uv": [1.5, 2.5, 2.5, 4], "texture": "#2"},
				"up": {"uv": [1.5, 2.5, 2.5, 4], "texture": "#2"},
				"down": {"uv": [1.5, 2.5, 2.5, 4], "texture": "#2"}
			}
		},
		{
			"name": "plant_stem",
			"from": [3, 14, 9],
			"to": [4, 17, 10],
			"rotation": {"angle": 0, "axis": "y", "origin": [11, 22, 17]},
			"faces": {
				"north": {"uv": [0, 0, 1, 3], "texture": "#2"},
				"east": {"uv": [0, 0, 1, 3], "texture": "#2"},
				"south": {"uv": [0, 0, 1, 3], "texture": "#2"},
				"west": {"uv": [0, 0, 1, 3], "texture": "#2"},
				"up": {"uv": [0, 0, 1, 3], "texture": "#2"},
				"down": {"uv": [0, 0, 1, 3], "texture": "#2"}
			}
		},
		{
			"name": "leaf",
			"from": [11, 10, 14],
			"to": [12, 10.5, 17],
			"rotation": {"angle": -22.5, "axis": "x", "origin": [19, 3, 22]},
			"faces": {
				"north": {"uv": [3, 2.5, 3.5, 6.5], "rotation": 90, "texture": "#2"},
				"east": {"uv": [3, 2.5, 3.5, 6.5], "rotation": 90, "texture": "#2"},
				"south": {"uv": [3, 2.5, 3.5, 6.5], "rotation": 90, "texture": "#2"},
				"west": {"uv": [3, 2.5, 3.5, 6.5], "rotation": 90, "texture": "#2"},
				"up": {"uv": [3, 2.5, 3.5, 6.5], "rotation": 90, "texture": "#2"},
				"down": {"uv": [3, 2.5, 3.5, 6.5], "rotation": 90, "texture": "#2"}
			}
		},
		{
			"name": "leaf",
			"from": [10.9, 9.5, 14],
			"to": [11.9, 10, 15.5],
			"rotation": {"angle": -22.5, "axis": "x", "origin": [19, 3, 22]},
			"faces": {
				"north": {"uv": [3, 2.5, 3.5, 6.5], "rotation": 90, "texture": "#2"},
				"east": {"uv": [3, 2.5, 3.5, 6.5], "rotation": 90, "texture": "#2"},
				"south": {"uv": [3, 2.5, 3.5, 6.5], "rotation": 90, "texture": "#2"},
				"west": {"uv": [3, 2.5, 3.5, 6.5], "rotation": 90, "texture": "#2"},
				"up": {"uv": [3, 2.5, 3.5, 6.5], "rotation": 90, "texture": "#2"},
				"down": {"uv": [3, 2.5, 3.5, 6.5], "rotation": 90, "texture": "#2"}
			}
		},
		{
			"name": "leaf",
			"from": [11, 12, 14],
			"to": [12, 12.5, 15],
			"rotation": {"angle": -22.5, "axis": "x", "origin": [19, 5, 22]},
			"faces": {
				"north": {"uv": [1.5, 1, 2, 4], "rotation": 90, "texture": "#2"},
				"east": {"uv": [1.5, 1, 2, 4], "rotation": 90, "texture": "#2"},
				"south": {"uv": [1.5, 1, 2, 4], "rotation": 90, "texture": "#2"},
				"west": {"uv": [1.5, 1, 2, 4], "rotation": 90, "texture": "#2"},
				"up": {"uv": [1.5, 1, 2, 4], "rotation": 90, "texture": "#2"},
				"down": {"uv": [1.5, 1, 2, 4], "rotation": 90, "texture": "#2"}
			}
		},
		{
			"name": "leaf",
			"from": [10, 13.5, 14],
			"to": [11, 14, 17],
			"rotation": {"angle": -22.5, "axis": "x", "origin": [18, 6, 22]},
			"faces": {
				"north": {"uv": [2.5, 2, 3, 6], "rotation": 90, "texture": "#2"},
				"east": {"uv": [2.5, 2, 3, 6], "rotation": 90, "texture": "#2"},
				"south": {"uv": [2.5, 2, 3, 6], "rotation": 90, "texture": "#2"},
				"west": {"uv": [2.5, 2, 3, 6], "rotation": 90, "texture": "#2"},
				"up": {"uv": [2.5, 2, 3, 6], "rotation": 90, "texture": "#2"},
				"down": {"uv": [2.5, 2, 3, 6], "rotation": 90, "texture": "#2"}
			}
		},
		{
			"name": "leaf",
			"from": [10, 13, 14],
			"to": [11, 13.5, 16.5],
			"rotation": {"angle": -22.5, "axis": "x", "origin": [18, 6, 22]},
			"faces": {
				"north": {"uv": [2.5, 2, 3, 6], "rotation": 90, "texture": "#2"},
				"east": {"uv": [2.5, 2, 3, 6], "rotation": 90, "texture": "#2"},
				"south": {"uv": [2.5, 2, 3, 6], "rotation": 90, "texture": "#2"},
				"west": {"uv": [2.5, 2, 3, 6], "rotation": 90, "texture": "#2"},
				"up": {"uv": [2.5, 2, 3, 6], "rotation": 90, "texture": "#2"},
				"down": {"uv": [2.5, 2, 3, 6], "rotation": 90, "texture": "#2"}
			}
		},
		{
			"name": "leaf",
			"from": [10.1, 14.5, 14],
			"to": [11.1, 15, 15.5],
			"rotation": {"angle": -22.5, "axis": "x", "origin": [18, 8, 22]},
			"faces": {
				"north": {"uv": [3, 2.5, 3.5, 5.5], "rotation": 90, "texture": "#2"},
				"east": {"uv": [3, 2.5, 3.5, 5.5], "rotation": 90, "texture": "#2"},
				"south": {"uv": [3, 2.5, 3.5, 5.5], "rotation": 90, "texture": "#2"},
				"west": {"uv": [3, 2.5, 3.5, 5.5], "rotation": 90, "texture": "#2"},
				"up": {"uv": [3, 2.5, 3.5, 5.5], "rotation": 90, "texture": "#2"},
				"down": {"uv": [3, 2.5, 3.5, 5.5], "rotation": 90, "texture": "#2"}
			}
		},
		{
			"name": "leaf",
			"from": [10.9, 9.5, 12.5],
			"to": [11.4, 10, 13],
			"rotation": {"angle": -22.5, "axis": "x", "origin": [19, 3, 20]},
			"faces": {
				"north": {"uv": [3, 3.5, 3.5, 4.5], "rotation": 90, "texture": "#2"},
				"east": {"uv": [3, 3.5, 3.5, 4.5], "rotation": 90, "texture": "#2"},
				"south": {"uv": [3, 3.5, 3.5, 4.5], "rotation": 90, "texture": "#2"},
				"west": {"uv": [3, 3.5, 3.5, 4.5], "rotation": 90, "texture": "#2"},
				"up": {"uv": [3, 3.5, 3.5, 4.5], "rotation": 90, "texture": "#2"},
				"down": {"uv": [3, 3.5, 3.5, 4.5], "rotation": 90, "texture": "#2"}
			}
		},
		{
			"name": "leaf",
			"from": [9.9, 15.5, 12.5],
			"to": [10.4, 16, 13],
			"rotation": {"angle": -22.5, "axis": "x", "origin": [18, 9, 20]},
			"faces": {
				"north": {"uv": [3, 3.5, 3.5, 4.5], "rotation": 90, "texture": "#2"},
				"east": {"uv": [3, 3.5, 3.5, 4.5], "rotation": 90, "texture": "#2"},
				"south": {"uv": [3, 3.5, 3.5, 4.5], "rotation": 90, "texture": "#2"},
				"west": {"uv": [3, 3.5, 3.5, 4.5], "rotation": 90, "texture": "#2"},
				"up": {"uv": [3, 3.5, 3.5, 4.5], "rotation": 90, "texture": "#2"},
				"down": {"uv": [3, 3.5, 3.5, 4.5], "rotation": 90, "texture": "#2"}
			}
		},
		{
			"name": "leaf",
			"from": [11, 6, 6],
			"to": [12, 6.5, 8],
			"rotation": {"angle": 22.5, "axis": "y", "origin": [19, -1, 11]},
			"faces": {
				"north": {"uv": [7, 5, 9.5, 5.5], "rotation": 180, "texture": "#2"},
				"east": {"uv": [7, 5, 9.5, 5.5], "rotation": 180, "texture": "#2"},
				"south": {"uv": [7, 5, 9.5, 5.5], "rotation": 180, "texture": "#2"},
				"west": {"uv": [7, 5, 9.5, 5.5], "rotation": 180, "texture": "#2"},
				"up": {"uv": [7, 5, 9.5, 5.5], "rotation": 180, "texture": "#2"},
				"down": {"uv": [7, 5, 9.5, 5.5], "rotation": 180, "texture": "#2"}
			}
		},
		{
			"name": "leaf",
			"from": [10.8, 5.5, 6.5],
			"to": [11.8, 6, 8],
			"rotation": {"angle": 22.5, "axis": "y", "origin": [19, -1, 11]},
			"faces": {
				"north": {"uv": [7, 8, 9.5, 8.5], "rotation": 180, "texture": "#2"},
				"east": {"uv": [7, 8, 9.5, 8.5], "rotation": 180, "texture": "#2"},
				"south": {"uv": [7, 8, 9.5, 8.5], "rotation": 180, "texture": "#2"},
				"west": {"uv": [7, 8, 9.5, 8.5], "rotation": 180, "texture": "#2"},
				"up": {"uv": [7, 8, 9.5, 8.5], "rotation": 180, "texture": "#2"},
				"down": {"uv": [7, 8, 9.5, 8.5], "rotation": 180, "texture": "#2"}
			}
		},
		{
			"name": "leaf",
			"from": [11, 8, 5],
			"to": [12, 8.5, 8],
			"rotation": {"angle": 22.5, "axis": "y", "origin": [19, -1, 10]},
			"faces": {
				"north": {"uv": [7, 4, 9.5, 4.5], "rotation": 180, "texture": "#2"},
				"east": {"uv": [7, 4, 9.5, 4.5], "rotation": 180, "texture": "#2"},
				"south": {"uv": [7, 4, 9.5, 4.5], "rotation": 180, "texture": "#2"},
				"west": {"uv": [7, 4, 9.5, 4.5], "rotation": 180, "texture": "#2"},
				"up": {"uv": [7, 4, 9.5, 4.5], "rotation": 180, "texture": "#2"},
				"down": {"uv": [7, 4, 9.5, 4.5], "rotation": 180, "texture": "#2"}
			}
		},
		{
			"name": "leaf",
			"from": [11.1, 7.5, 5.5],
			"to": [12.1, 8, 8],
			"rotation": {"angle": 22.5, "axis": "y", "origin": [19, -1, 10]},
			"faces": {
				"north": {"uv": [5.5, 4, 8, 4.5], "rotation": 180, "texture": "#2"},
				"east": {"uv": [5.5, 4, 8, 4.5], "rotation": 180, "texture": "#2"},
				"south": {"uv": [5.5, 4, 8, 4.5], "rotation": 180, "texture": "#2"},
				"west": {"uv": [5.5, 4, 8, 4.5], "rotation": 180, "texture": "#2"},
				"up": {"uv": [5.5, 4, 8, 4.5], "rotation": 180, "texture": "#2"},
				"down": {"uv": [5.5, 4, 8, 4.5], "rotation": 180, "texture": "#2"}
			}
		},
		{
			"name": "leaf",
			"from": [10, 10.5, 6],
			"to": [11, 11, 8],
			"rotation": {"angle": 22.5, "axis": "y", "origin": [19, 0, 10]},
			"faces": {
				"north": {"uv": [2.5, 1.5, 3, 5.5], "rotation": 90, "texture": "#2"},
				"east": {"uv": [2.5, 1.5, 3, 5.5], "rotation": 90, "texture": "#2"},
				"south": {"uv": [2.5, 1.5, 3, 5.5], "rotation": 90, "texture": "#2"},
				"west": {"uv": [2.5, 1.5, 3, 5.5], "rotation": 90, "texture": "#2"},
				"up": {"uv": [2.5, 1.5, 3, 5.5], "rotation": 90, "texture": "#2"},
				"down": {"uv": [2.5, 1.5, 3, 5.5], "rotation": 90, "texture": "#2"}
			}
		},
		{
			"name": "leaf",
			"from": [10.1, 10, 6.5],
			"to": [11.1, 10.5, 8],
			"rotation": {"angle": 22.5, "axis": "y", "origin": [19, 0, 10]},
			"faces": {
				"north": {"uv": [2.5, 1.5, 3, 5.5], "rotation": 90, "texture": "#2"},
				"east": {"uv": [2.5, 1.5, 3, 5.5], "rotation": 90, "texture": "#2"},
				"south": {"uv": [2.5, 1.5, 3, 5.5], "rotation": 90, "texture": "#2"},
				"west": {"uv": [2.5, 1.5, 3, 5.5], "rotation": 90, "texture": "#2"},
				"up": {"uv": [2.5, 1.5, 3, 5.5], "rotation": 90, "texture": "#2"},
				"down": {"uv": [2.5, 1.5, 3, 5.5], "rotation": 90, "texture": "#2"}
			}
		},
		{
			"name": "leaf",
			"from": [11, 12, 6],
			"to": [12, 12.5, 8],
			"rotation": {"angle": 22.5, "axis": "y", "origin": [20, 0, 12]},
			"faces": {
				"north": {"uv": [2, 1.5, 2.5, 4.5], "rotation": 90, "texture": "#2"},
				"east": {"uv": [2, 1.5, 2.5, 4.5], "rotation": 90, "texture": "#2"},
				"south": {"uv": [2, 1.5, 2.5, 4.5], "rotation": 90, "texture": "#2"},
				"west": {"uv": [2, 1.5, 2.5, 4.5], "rotation": 90, "texture": "#2"},
				"up": {"uv": [2, 1.5, 2.5, 4.5], "rotation": 90, "texture": "#2"},
				"down": {"uv": [2, 1.5, 2.5, 4.5], "rotation": 90, "texture": "#2"}
			}
		},
		{
			"name": "plant_stem",
			"from": [11, 2, 11],
			"to": [12, 9, 12],
			"rotation": {"angle": 0, "axis": "y", "origin": [19, 10, 19]},
			"faces": {
				"north": {"uv": [3.5, 0.5, 4.5, 7.5], "texture": "#2"},
				"east": {"uv": [3.5, 0.5, 4.5, 7.5], "texture": "#2"},
				"south": {"uv": [3.5, 0.5, 4.5, 7.5], "texture": "#2"},
				"west": {"uv": [3.5, 0.5, 4.5, 7.5], "texture": "#2"},
				"up": {"uv": [3.5, 0.5, 4.5, 7.5], "texture": "#2"},
				"down": {"uv": [3.5, 0.5, 4.5, 7.5], "texture": "#2"}
			}
		},
		{
			"name": "plant_stem",
			"from": [10, 9, 11],
			"to": [11, 13, 12],
			"rotation": {"angle": 0, "axis": "y", "origin": [18, 17, 19]},
			"faces": {
				"north": {"uv": [1.5, 0, 2.5, 4], "texture": "#2"},
				"east": {"uv": [1.5, 0, 2.5, 4], "texture": "#2"},
				"south": {"uv": [1.5, 0, 2.5, 4], "texture": "#2"},
				"west": {"uv": [1.5, 0, 2.5, 4], "texture": "#2"},
				"up": {"uv": [1.5, 0, 2.5, 4], "texture": "#2"},
				"down": {"uv": [1.5, 0, 2.5, 4], "texture": "#2"}
			}
		},
		{
			"name": "plant_stem",
			"from": [10.5, 8, 11],
			"to": [11, 9, 12],
			"rotation": {"angle": 0, "axis": "y", "origin": [18, 16, 19]},
			"faces": {
				"north": {"uv": [1.5, 2.5, 2.5, 4], "texture": "#2"},
				"east": {"uv": [1.5, 2.5, 2.5, 4], "texture": "#2"},
				"south": {"uv": [1.5, 2.5, 2.5, 4], "texture": "#2"},
				"west": {"uv": [1.5, 2.5, 2.5, 4], "texture": "#2"},
				"up": {"uv": [1.5, 2.5, 2.5, 4], "texture": "#2"},
				"down": {"uv": [1.5, 2.5, 2.5, 4], "texture": "#2"}
			}
		},
		{
			"name": "plant_stem",
			"from": [9.5, 11, 11.5],
			"to": [10, 12, 12.5],
			"rotation": {"angle": 0, "axis": "y", "origin": [17, 19, 19]},
			"faces": {
				"north": {"uv": [1.5, 2.5, 2.5, 4], "texture": "#2"},
				"east": {"uv": [1.5, 2.5, 2.5, 4], "texture": "#2"},
				"south": {"uv": [1.5, 2.5, 2.5, 4], "texture": "#2"},
				"west": {"uv": [1.5, 2.5, 2.5, 4], "texture": "#2"},
				"up": {"uv": [1.5, 2.5, 2.5, 4], "texture": "#2"},
				"down": {"uv": [1.5, 2.5, 2.5, 4], "texture": "#2"}
			}
		},
		{
			"name": "plant_stem",
			"from": [11, 9, 11],
			"to": [11.5, 10, 12],
			"rotation": {"angle": 0, "axis": "y", "origin": [19, 17, 19]},
			"faces": {
				"north": {"uv": [1.5, 2.5, 2.5, 4], "texture": "#2"},
				"east": {"uv": [1.5, 2.5, 2.5, 4], "texture": "#2"},
				"south": {"uv": [1.5, 2.5, 2.5, 4], "texture": "#2"},
				"west": {"uv": [1.5, 2.5, 2.5, 4], "texture": "#2"},
				"up": {"uv": [1.5, 2.5, 2.5, 4], "texture": "#2"},
				"down": {"uv": [1.5, 2.5, 2.5, 4], "texture": "#2"}
			}
		},
		{
			"name": "leaf",
			"from": [11, 9, 5],
			"to": [12, 9.5, 8],
			"rotation": {"angle": -22.5, "axis": "x", "origin": [19, 2, 13]},
			"faces": {
				"north": {"uv": [3, 2.5, 3.5, 6.5], "rotation": 90, "texture": "#2"},
				"east": {"uv": [3, 2.5, 3.5, 6.5], "rotation": 90, "texture": "#2"},
				"south": {"uv": [3, 2.5, 3.5, 6.5], "rotation": 90, "texture": "#2"},
				"west": {"uv": [3, 2.5, 3.5, 6.5], "rotation": 90, "texture": "#2"},
				"up": {"uv": [3, 2.5, 3.5, 6.5], "rotation": 90, "texture": "#2"},
				"down": {"uv": [3, 2.5, 3.5, 6.5], "rotation": 90, "texture": "#2"}
			}
		},
		{
			"name": "leaf",
			"from": [10.9, 8.5, 5],
			"to": [11.9, 9, 6.5],
			"rotation": {"angle": -22.5, "axis": "x", "origin": [19, 2, 13]},
			"faces": {
				"north": {"uv": [3, 2.5, 3.5, 6.5], "rotation": 90, "texture": "#2"},
				"east": {"uv": [3, 2.5, 3.5, 6.5], "rotation": 90, "texture": "#2"},
				"south": {"uv": [3, 2.5, 3.5, 6.5], "rotation": 90, "texture": "#2"},
				"west": {"uv": [3, 2.5, 3.5, 6.5], "rotation": 90, "texture": "#2"},
				"up": {"uv": [3, 2.5, 3.5, 6.5], "rotation": 90, "texture": "#2"},
				"down": {"uv": [3, 2.5, 3.5, 6.5], "rotation": 90, "texture": "#2"}
			}
		},
		{
			"name": "leaf",
			"from": [11, 11, 5],
			"to": [12, 11.5, 6],
			"rotation": {"angle": -22.5, "axis": "x", "origin": [19, 4, 13]},
			"faces": {
				"north": {"uv": [1.5, 1, 2, 4], "rotation": 90, "texture": "#2"},
				"east": {"uv": [1.5, 1, 2, 4], "rotation": 90, "texture": "#2"},
				"south": {"uv": [1.5, 1, 2, 4], "rotation": 90, "texture": "#2"},
				"west": {"uv": [1.5, 1, 2, 4], "rotation": 90, "texture": "#2"},
				"up": {"uv": [1.5, 1, 2, 4], "rotation": 90, "texture": "#2"},
				"down": {"uv": [1.5, 1, 2, 4], "rotation": 90, "texture": "#2"}
			}
		},
		{
			"name": "leaf",
			"from": [10, 12.5, 5],
			"to": [11, 13, 8],
			"rotation": {"angle": -22.5, "axis": "x", "origin": [18, 5, 13]},
			"faces": {
				"north": {"uv": [2.5, 2, 3, 6], "rotation": 90, "texture": "#2"},
				"east": {"uv": [2.5, 2, 3, 6], "rotation": 90, "texture": "#2"},
				"south": {"uv": [2.5, 2, 3, 6], "rotation": 90, "texture": "#2"},
				"west": {"uv": [2.5, 2, 3, 6], "rotation": 90, "texture": "#2"},
				"up": {"uv": [2.5, 2, 3, 6], "rotation": 90, "texture": "#2"},
				"down": {"uv": [2.5, 2, 3, 6], "rotation": 90, "texture": "#2"}
			}
		},
		{
			"name": "leaf",
			"from": [10, 12, 5],
			"to": [11, 12.5, 7.5],
			"rotation": {"angle": -22.5, "axis": "x", "origin": [18, 5, 13]},
			"faces": {
				"north": {"uv": [2.5, 2, 3, 6], "rotation": 90, "texture": "#2"},
				"east": {"uv": [2.5, 2, 3, 6], "rotation": 90, "texture": "#2"},
				"south": {"uv": [2.5, 2, 3, 6], "rotation": 90, "texture": "#2"},
				"west": {"uv": [2.5, 2, 3, 6], "rotation": 90, "texture": "#2"},
				"up": {"uv": [2.5, 2, 3, 6], "rotation": 90, "texture": "#2"},
				"down": {"uv": [2.5, 2, 3, 6], "rotation": 90, "texture": "#2"}
			}
		},
		{
			"name": "leaf",
			"from": [10.1, 13.5, 5],
			"to": [11.1, 14, 6.5],
			"rotation": {"angle": -22.5, "axis": "x", "origin": [18, 7, 13]},
			"faces": {
				"north": {"uv": [3, 2.5, 3.5, 5.5], "rotation": 90, "texture": "#2"},
				"east": {"uv": [3, 2.5, 3.5, 5.5], "rotation": 90, "texture": "#2"},
				"south": {"uv": [3, 2.5, 3.5, 5.5], "rotation": 90, "texture": "#2"},
				"west": {"uv": [3, 2.5, 3.5, 5.5], "rotation": 90, "texture": "#2"},
				"up": {"uv": [3, 2.5, 3.5, 5.5], "rotation": 90, "texture": "#2"},
				"down": {"uv": [3, 2.5, 3.5, 5.5], "rotation": 90, "texture": "#2"}
			}
		},
		{
			"name": "leaf",
			"from": [10.9, 8.5, 3.5],
			"to": [11.4, 9, 4],
			"rotation": {"angle": -22.5, "axis": "x", "origin": [19, 2, 11]},
			"faces": {
				"north": {"uv": [3, 3.5, 3.5, 4.5], "rotation": 90, "texture": "#2"},
				"east": {"uv": [3, 3.5, 3.5, 4.5], "rotation": 90, "texture": "#2"},
				"south": {"uv": [3, 3.5, 3.5, 4.5], "rotation": 90, "texture": "#2"},
				"west": {"uv": [3, 3.5, 3.5, 4.5], "rotation": 90, "texture": "#2"},
				"up": {"uv": [3, 3.5, 3.5, 4.5], "rotation": 90, "texture": "#2"},
				"down": {"uv": [3, 3.5, 3.5, 4.5], "rotation": 90, "texture": "#2"}
			}
		},
		{
			"name": "leaf",
			"from": [9.9, 14.5, 3.5],
			"to": [10.4, 15, 4],
			"rotation": {"angle": -22.5, "axis": "x", "origin": [18, 8, 11]},
			"faces": {
				"north": {"uv": [3, 3.5, 3.5, 4.5], "rotation": 90, "texture": "#2"},
				"east": {"uv": [3, 3.5, 3.5, 4.5], "rotation": 90, "texture": "#2"},
				"south": {"uv": [3, 3.5, 3.5, 4.5], "rotation": 90, "texture": "#2"},
				"west": {"uv": [3, 3.5, 3.5, 4.5], "rotation": 90, "texture": "#2"},
				"up": {"uv": [3, 3.5, 3.5, 4.5], "rotation": 90, "texture": "#2"},
				"down": {"uv": [3, 3.5, 3.5, 4.5], "rotation": 90, "texture": "#2"}
			}
		},
		{
			"name": "leaf",
			"from": [11, 5, -3],
			"to": [12, 5.5, -1],
			"rotation": {"angle": 22.5, "axis": "y", "origin": [19, -2, 2]},
			"faces": {
				"north": {"uv": [7, 5, 9.5, 5.5], "rotation": 180, "texture": "#2"},
				"east": {"uv": [7, 5, 9.5, 5.5], "rotation": 180, "texture": "#2"},
				"south": {"uv": [7, 5, 9.5, 5.5], "rotation": 180, "texture": "#2"},
				"west": {"uv": [7, 5, 9.5, 5.5], "rotation": 180, "texture": "#2"},
				"up": {"uv": [7, 5, 9.5, 5.5], "rotation": 180, "texture": "#2"},
				"down": {"uv": [7, 5, 9.5, 5.5], "rotation": 180, "texture": "#2"}
			}
		},
		{
			"name": "leaf",
			"from": [10.8, 4.5, -2.5],
			"to": [11.8, 5, -1],
			"rotation": {"angle": 22.5, "axis": "y", "origin": [19, -2, 2]},
			"faces": {
				"north": {"uv": [7, 8, 9.5, 8.5], "rotation": 180, "texture": "#2"},
				"east": {"uv": [7, 8, 9.5, 8.5], "rotation": 180, "texture": "#2"},
				"south": {"uv": [7, 8, 9.5, 8.5], "rotation": 180, "texture": "#2"},
				"west": {"uv": [7, 8, 9.5, 8.5], "rotation": 180, "texture": "#2"},
				"up": {"uv": [7, 8, 9.5, 8.5], "rotation": 180, "texture": "#2"},
				"down": {"uv": [7, 8, 9.5, 8.5], "rotation": 180, "texture": "#2"}
			}
		},
		{
			"name": "leaf",
			"from": [11, 7, -4],
			"to": [12, 7.5, -1],
			"rotation": {"angle": 22.5, "axis": "y", "origin": [19, -2, 1]},
			"faces": {
				"north": {"uv": [7, 4, 9.5, 4.5], "rotation": 180, "texture": "#2"},
				"east": {"uv": [7, 4, 9.5, 4.5], "rotation": 180, "texture": "#2"},
				"south": {"uv": [7, 4, 9.5, 4.5], "rotation": 180, "texture": "#2"},
				"west": {"uv": [7, 4, 9.5, 4.5], "rotation": 180, "texture": "#2"},
				"up": {"uv": [7, 4, 9.5, 4.5], "rotation": 180, "texture": "#2"},
				"down": {"uv": [7, 4, 9.5, 4.5], "rotation": 180, "texture": "#2"}
			}
		},
		{
			"name": "leaf",
			"from": [11.1, 6.5, -3.5],
			"to": [12.1, 7, -1],
			"rotation": {"angle": 22.5, "axis": "y", "origin": [19, -2, 1]},
			"faces": {
				"north": {"uv": [5.5, 4, 8, 4.5], "rotation": 180, "texture": "#2"},
				"east": {"uv": [5.5, 4, 8, 4.5], "rotation": 180, "texture": "#2"},
				"south": {"uv": [5.5, 4, 8, 4.5], "rotation": 180, "texture": "#2"},
				"west": {"uv": [5.5, 4, 8, 4.5], "rotation": 180, "texture": "#2"},
				"up": {"uv": [5.5, 4, 8, 4.5], "rotation": 180, "texture": "#2"},
				"down": {"uv": [5.5, 4, 8, 4.5], "rotation": 180, "texture": "#2"}
			}
		},
		{
			"name": "leaf",
			"from": [10, 9.5, -3],
			"to": [11, 10, -1],
			"rotation": {"angle": 22.5, "axis": "y", "origin": [19, -1, 1]},
			"faces": {
				"north": {"uv": [2.5, 1.5, 3, 5.5], "rotation": 90, "texture": "#2"},
				"east": {"uv": [2.5, 1.5, 3, 5.5], "rotation": 90, "texture": "#2"},
				"south": {"uv": [2.5, 1.5, 3, 5.5], "rotation": 90, "texture": "#2"},
				"west": {"uv": [2.5, 1.5, 3, 5.5], "rotation": 90, "texture": "#2"},
				"up": {"uv": [2.5, 1.5, 3, 5.5], "rotation": 90, "texture": "#2"},
				"down": {"uv": [2.5, 1.5, 3, 5.5], "rotation": 90, "texture": "#2"}
			}
		},
		{
			"name": "leaf",
			"from": [10.1, 9, -2.5],
			"to": [11.1, 9.5, -1],
			"rotation": {"angle": 22.5, "axis": "y", "origin": [19, -1, 1]},
			"faces": {
				"north": {"uv": [2.5, 1.5, 3, 5.5], "rotation": 90, "texture": "#2"},
				"east": {"uv": [2.5, 1.5, 3, 5.5], "rotation": 90, "texture": "#2"},
				"south": {"uv": [2.5, 1.5, 3, 5.5], "rotation": 90, "texture": "#2"},
				"west": {"uv": [2.5, 1.5, 3, 5.5], "rotation": 90, "texture": "#2"},
				"up": {"uv": [2.5, 1.5, 3, 5.5], "rotation": 90, "texture": "#2"},
				"down": {"uv": [2.5, 1.5, 3, 5.5], "rotation": 90, "texture": "#2"}
			}
		},
		{
			"name": "leaf",
			"from": [11, 11, -3],
			"to": [12, 11.5, -1],
			"rotation": {"angle": 22.5, "axis": "y", "origin": [20, -1, 3]},
			"faces": {
				"north": {"uv": [2, 1.5, 2.5, 4.5], "rotation": 90, "texture": "#2"},
				"east": {"uv": [2, 1.5, 2.5, 4.5], "rotation": 90, "texture": "#2"},
				"south": {"uv": [2, 1.5, 2.5, 4.5], "rotation": 90, "texture": "#2"},
				"west": {"uv": [2, 1.5, 2.5, 4.5], "rotation": 90, "texture": "#2"},
				"up": {"uv": [2, 1.5, 2.5, 4.5], "rotation": 90, "texture": "#2"},
				"down": {"uv": [2, 1.5, 2.5, 4.5], "rotation": 90, "texture": "#2"}
			}
		},
		{
			"name": "plant_stem",
			"from": [11, 1, 2],
			"to": [12, 8, 3],
			"rotation": {"angle": 0, "axis": "y", "origin": [19, 9, 10]},
			"faces": {
				"north": {"uv": [3.5, 0.5, 4.5, 7.5], "texture": "#2"},
				"east": {"uv": [3.5, 0.5, 4.5, 7.5], "texture": "#2"},
				"south": {"uv": [3.5, 0.5, 4.5, 7.5], "texture": "#2"},
				"west": {"uv": [3.5, 0.5, 4.5, 7.5], "texture": "#2"},
				"up": {"uv": [3.5, 0.5, 4.5, 7.5], "texture": "#2"},
				"down": {"uv": [3.5, 0.5, 4.5, 7.5], "texture": "#2"}
			}
		},
		{
			"name": "plant_stem",
			"from": [10, 8, 2],
			"to": [11, 12, 3],
			"rotation": {"angle": 0, "axis": "y", "origin": [18, 16, 10]},
			"faces": {
				"north": {"uv": [1.5, 0, 2.5, 4], "texture": "#2"},
				"east": {"uv": [1.5, 0, 2.5, 4], "texture": "#2"},
				"south": {"uv": [1.5, 0, 2.5, 4], "texture": "#2"},
				"west": {"uv": [1.5, 0, 2.5, 4], "texture": "#2"},
				"up": {"uv": [1.5, 0, 2.5, 4], "texture": "#2"},
				"down": {"uv": [1.5, 0, 2.5, 4], "texture": "#2"}
			}
		},
		{
			"name": "plant_stem",
			"from": [10.5, 7, 2],
			"to": [11, 8, 3],
			"rotation": {"angle": 0, "axis": "y", "origin": [18, 15, 10]},
			"faces": {
				"north": {"uv": [1.5, 2.5, 2.5, 4], "texture": "#2"},
				"east": {"uv": [1.5, 2.5, 2.5, 4], "texture": "#2"},
				"south": {"uv": [1.5, 2.5, 2.5, 4], "texture": "#2"},
				"west": {"uv": [1.5, 2.5, 2.5, 4], "texture": "#2"},
				"up": {"uv": [1.5, 2.5, 2.5, 4], "texture": "#2"},
				"down": {"uv": [1.5, 2.5, 2.5, 4], "texture": "#2"}
			}
		},
		{
			"name": "plant_stem",
			"from": [9.5, 10, 2.5],
			"to": [10, 11, 3.5],
			"rotation": {"angle": 0, "axis": "y", "origin": [17, 18, 10]},
			"faces": {
				"north": {"uv": [1.5, 2.5, 2.5, 4], "texture": "#2"},
				"east": {"uv": [1.5, 2.5, 2.5, 4], "texture": "#2"},
				"south": {"uv": [1.5, 2.5, 2.5, 4], "texture": "#2"},
				"west": {"uv": [1.5, 2.5, 2.5, 4], "texture": "#2"},
				"up": {"uv": [1.5, 2.5, 2.5, 4], "texture": "#2"},
				"down": {"uv": [1.5, 2.5, 2.5, 4], "texture": "#2"}
			}
		},
		{
			"name": "plant_stem",
			"from": [11, 8, 2],
			"to": [11.5, 9, 3],
			"rotation": {"angle": 0, "axis": "y", "origin": [19, 16, 10]},
			"faces": {
				"north": {"uv": [1.5, 2.5, 2.5, 4], "texture": "#2"},
				"east": {"uv": [1.5, 2.5, 2.5, 4], "texture": "#2"},
				"south": {"uv": [1.5, 2.5, 2.5, 4], "texture": "#2"},
				"west": {"uv": [1.5, 2.5, 2.5, 4], "texture": "#2"},
				"up": {"uv": [1.5, 2.5, 2.5, 4], "texture": "#2"},
				"down": {"uv": [1.5, 2.5, 2.5, 4], "texture": "#2"}
			}
		}
	],
	"display": {
		"thirdperson_righthand": {
			"rotation": [67, -86, 0],
			"translation": [-6, 6.5, 4.25]
		},
		"thirdperson_lefthand": {
			"rotation": [67, 90, 0],
			"translation": [-6, 6.5, 4.25]
		},
		"firstperson_righthand": {
			"rotation": [0, 54, 0],
			"translation": [-3, 5, 1.5]
		},
		"firstperson_lefthand": {
			"rotation": [0, -89, 0],
			"translation": [-3, 4.5, 1.5]
		},
		"ground": {
			"translation": [0, 1, 0]
		},
		"gui": {
			"scale": [1, 1, 0.87]
		},
		"head": {
			"rotation": [0, -90, 0],
			"translation": [0, 9.75, 0],
			"scale": [0.9, 1, 0.9]
		},
		"fixed": {
			"translation": [0, 0, -2],
			"scale": [1, 1, 0.3]
		}
	},
	"groups": [
		{
			"name": "Plate",
			"origin": [8, 8, 8],
			"children": [0, 1, 2]
		}, 3,
		{
			"name": "Weed",
			"origin": [8, 8, 8],
			"children": [
				{
					"name": "leaf_right",
					"origin": [8, 8, 8],
					"children": [4, 5, 6, 7, 8, 9, 10, 11, 12, 13, 14, 15, 16, 17, 18, 19, 20, 21]
				},
				{
					"name": "leaf_left",
					"origin": [8, 8, 8],
					"children": [22, 23, 24, 25, 26, 27, 28, 29, 30, 31, 32, 33]
				},
				{
					"name": "stem",
					"origin": [8, 8, 8],
					"children": [34, 35, 36, 37, 38, 39, 40]
				}
			]
		},
		{
			"name": "Weed",
			"origin": [8, 8, 8],
			"children": [
				{
					"name": "leaf_right",
					"origin": [8, 8, 8],
					"children": [41, 42, 43, 44, 45, 46, 47, 48]
				},
				{
					"name": "leaf_left",
					"origin": [8, 8, 8],
					"children": [49, 50, 51, 52, 53, 54, 55]
				},
				{
					"name": "stem",
					"origin": [8, 8, 8],
					"children": [56, 57, 58, 59, 60]
				}
			]
		},
		{
			"name": "Weed",
			"origin": [8, 8, 8],
			"children": [
				{
					"name": "leaf_right",
					"origin": [8, 8, 8],
					"children": [61, 62, 63, 64, 65, 66, 67, 68]
				},
				{
					"name": "leaf_left",
					"origin": [8, 8, 8],
					"children": [69, 70, 71, 72, 73, 74, 75]
				},
				{
					"name": "stem",
					"origin": [8, 8, 8],
					"children": [76, 77, 78, 79, 80]
				}
			]
		}
	]
}