{
	"credit": "Made with Blockbench",
	"textures": {
		"0": "blocks/end_stone",
		"2": "blocks/stone_slab_top",
		"3": "blocks/custom/custom",
		"particle": "blocks/end_stone"
	},
	"elements": [
		{
			"from": [0, 16, 0],
			"to": [1, 19, 5],
			"faces": {
				"north": {"uv": [5, 1, 6, 2], "texture": "#2"},
				"east": {"uv": [5, 1, 6, 2], "texture": "#2"},
				"south": {"uv": [5, 1, 6, 2], "texture": "#2"},
				"west": {"uv": [5, 1, 6, 2], "texture": "#2"},
				"up": {"uv": [5, 1, 6, 2], "texture": "#2"},
				"down": {"uv": [5, 1, 6, 2], "texture": "#2"}
			}
		},
		{
			"from": [15, 16, 0],
			"to": [16, 19, 5],
			"rotation": {"angle": 0, "axis": "y", "origin": [23, 8, 8]},
			"faces": {
				"north": {"uv": [5, 1, 6, 2], "texture": "#2"},
				"east": {"uv": [5, 1, 6, 2], "texture": "#2"},
				"south": {"uv": [5, 1, 6, 2], "texture": "#2"},
				"west": {"uv": [5, 1, 6, 2], "texture": "#2"},
				"up": {"uv": [5, 1, 6, 2], "texture": "#2"},
				"down": {"uv": [5, 1, 6, 2], "texture": "#2"}
			}
		},
		{
			"from": [1, 0, 1],
			"to": [15, 7, 15],
			"rotation": {"angle": 0, "axis": "y", "origin": [8, 14, 8]},
			"faces": {
				"north": {"uv": [0, 0, 14, 14], "texture": "#0"},
				"east": {"uv": [0, 0, 14, 14], "texture": "#0"},
				"south": {"uv": [0, 0, 14, 14], "texture": "#0"},
				"west": {"uv": [0, 0, 14, 14], "texture": "#0"},
				"up": {"uv": [0, 0, 14, 14], "texture": "#0"},
				"down": {"uv": [0, 0, 14, 14], "texture": "#0"}
			}
		},
		{
			"from": [15, 0, 1],
			"to": [16, 16, 15],
			"rotation": {"angle": 0, "axis": "y", "origin": [8, 8, 9]},
			"faces": {
				"north": {"uv": [0, 0, 1, 16], "texture": "#2"},
				"east": {"uv": [1, 0, 15, 16], "texture": "#2"},
				"south": {"uv": [0, 0, 1, 16], "texture": "#2"},
				"west": {"uv": [0, 0, 14, 16], "texture": "#2"},
				"up": {"uv": [0, 0, 1, 14], "texture": "#2"},
				"down": {"uv": [0, 0, 1, 14], "texture": "#2"}
			}
		},
		{
			"from": [0, 0, 1],
			"to": [1, 16, 15],
			"rotation": {"angle": 0, "axis": "y", "origin": [8, 8, 9]},
			"faces": {
				"north": {"uv": [0, 0, 1, 16], "texture": "#2"},
				"east": {"uv": [1, 0, 15, 16], "texture": "#2"},
				"south": {"uv": [0, 0, 1, 16], "texture": "#2"},
				"west": {"uv": [1, 0, 15, 16], "texture": "#2"},
				"up": {"uv": [0, 0, 1, 14], "texture": "#2"},
				"down": {"uv": [0, 0, 1, 14], "texture": "#2"}
			}
		},
		{
			"from": [0, 0, 15],
			"to": [16, 16, 16],
			"rotation": {"angle": 0, "axis": "y", "origin": [0.5, 0.5, 0.5]},
			"faces": {
				"north": {"uv": [0, 0, 16, 16], "texture": "#2"},
				"east": {"uv": [15, 0, 16, 16], "texture": "#2"},
				"south": {"uv": [0, 0, 16, 16], "texture": "#2"},
				"west": {"uv": [15, 0, 16, 16], "texture": "#2"},
				"up": {"uv": [0, 0, 16, 1], "texture": "#2"},
				"down": {"uv": [0, 0, 16, 1], "texture": "#2"}
			}
		},
		{
			"from": [0, 0, 0],
			"to": [16, 16, 1],
			"rotation": {"angle": 0, "axis": "y", "origin": [0.5, 0.5, 0.5]},
			"faces": {
				"north": {"uv": [0, 0, 16, 16], "texture": "#2"},
				"east": {"uv": [15, 0, 16, 15.5], "texture": "#2"},
				"south": {"uv": [0, 0, 16, 16], "texture": "#2"},
				"west": {"uv": [0, 0, 1, 16], "texture": "#2"},
				"up": {"uv": [0, 0, 16, 1], "texture": "#2"},
				"down": {"uv": [0, 0, 16, 1], "texture": "#2"}
			}
		},
		{
			"from": [11, 16, 0],
			"to": [15, 19, 1],
			"rotation": {"angle": 0, "axis": "y", "origin": [18, 8, 8]},
			"faces": {
				"north": {"uv": [5, 1, 6, 2], "texture": "#2"},
				"east": {"uv": [5, 1, 6, 2], "texture": "#2"},
				"south": {"uv": [5, 1, 6, 2], "texture": "#2"},
				"west": {"uv": [5, 1, 6, 2], "texture": "#2"},
				"up": {"uv": [5, 1, 6, 2], "texture": "#2"},
				"down": {"uv": [5, 1, 6, 2], "texture": "#2"}
			}
		},
		{
			"from": [11, 16, 15],
			"to": [15, 19, 16],
			"rotation": {"angle": 0, "axis": "y", "origin": [18, 8, 23]},
			"faces": {
				"north": {"uv": [5, 1, 6, 2], "texture": "#2"},
				"east": {"uv": [5, 1, 6, 2], "texture": "#2"},
				"south": {"uv": [5, 1, 6, 2], "texture": "#2"},
				"west": {"uv": [5, 1, 6, 2], "texture": "#2"},
				"up": {"uv": [5, 1, 6, 2], "texture": "#2"},
				"down": {"uv": [5, 1, 6, 2], "texture": "#2"}
			}
		},
		{
			"from": [1, 16, 15],
			"to": [5, 19, 16],
			"rotation": {"angle": 0, "axis": "y", "origin": [8, 8, 23]},
			"faces": {
				"north": {"uv": [5, 1, 6, 2], "texture": "#2"},
				"east": {"uv": [5, 1, 6, 2], "texture": "#2"},
				"south": {"uv": [5, 1, 6, 2], "texture": "#2"},
				"west": {"uv": [5, 1, 6, 2], "texture": "#2"},
				"up": {"uv": [5, 1, 6, 2], "texture": "#2"},
				"down": {"uv": [5, 1, 6, 2], "texture": "#2"}
			}
		},
		{
			"from": [1, 16, 0],
			"to": [5, 19, 1],
			"faces": {
				"north": {"uv": [5, 1, 6, 2], "texture": "#2"},
				"east": {"uv": [5, 1, 6, 2], "texture": "#2"},
				"south": {"uv": [5, 1, 6, 2], "texture": "#2"},
				"west": {"uv": [5, 1, 6, 2], "texture": "#2"},
				"up": {"uv": [5, 1, 6, 2], "texture": "#2"},
				"down": {"uv": [5, 1, 6, 2], "texture": "#2"}
			}
		},
		{
			"from": [0, 16, 11],
			"to": [1, 19, 16],
			"rotation": {"angle": 0, "axis": "y", "origin": [8, 8, 18]},
			"faces": {
				"north": {"uv": [5, 1, 6, 2], "texture": "#2"},
				"east": {"uv": [5, 1, 6, 2], "texture": "#2"},
				"south": {"uv": [5, 1, 6, 2], "texture": "#2"},
				"west": {"uv": [5, 1, 6, 2], "texture": "#2"},
				"up": {"uv": [5, 1, 6, 2], "texture": "#2"},
				"down": {"uv": [5, 1, 6, 2], "texture": "#2"}
			}
		},
		{
			"from": [15, 16, 11],
			"to": [16, 19, 16],
			"rotation": {"angle": 0, "axis": "y", "origin": [23, 8, 18]},
			"faces": {
				"north": {"uv": [5, 1, 6, 2], "texture": "#2"},
				"east": {"uv": [5, 1, 6, 2], "texture": "#2"},
				"south": {"uv": [5, 1, 6, 2], "texture": "#2"},
				"west": {"uv": [5, 1, 6, 2], "texture": "#2"},
				"up": {"uv": [5, 1, 6, 2], "texture": "#2"},
				"down": {"uv": [5, 1, 6, 2], "texture": "#2"}
			}
		},
		{
			"name": "HAT",
			"from": [0, 19, 0],
			"to": [16, 19.2, 16],
			"faces": {
				"north": {"uv": [0, 0, 16, 0.2], "texture": "#2"},
				"east": {"uv": [0, 0, 16, 0.2], "texture": "#2"},
				"south": {"uv": [0, 0, 16, 0.2], "texture": "#2"},
				"west": {"uv": [0, 0, 16, 0.2], "texture": "#2"},
				"up": {"uv": [0, 0, 16, 16], "texture": "#2"},
				"down": {"uv": [0, 0, 16, 16], "texture": "#2"}
			}
		},
		{
			"from": [0, 0, -0.1],
			"to": [16, 16, 0.9],
			"rotation": {"angle": 0, "axis": "y", "origin": [8, 8, 7.9]},
			"faces": {
				"north": {"uv": [0, 0, 15.99, 16], "texture": "#3"},
				"east": {"uv": [0, 0, 0.49, 0.5], "texture": "#3"},
				"south": {"uv": [0, 0, 0.49, 0.5], "texture": "#3"},
				"west": {"uv": [0, 0, 0.49, 0.5], "texture": "#3"},
				"up": {"uv": [0, 0, 0.49, 0.5], "texture": "#3"},
				"down": {"uv": [0, 0, 0.49, 0.5], "texture": "#3"}
			}
		},
		{
			"from": [0, 0, 15.1],
			"to": [16, 16, 16.1],
			"rotation": {"angle": 0, "axis": "y", "origin": [8, 8, 23.1]},
			"faces": {
				"north": {"uv": [15, 15.5, 15.99, 16], "texture": "#3"},
				"east": {"uv": [15, 15.5, 15.99, 16], "texture": "#3"},
				"south": {"uv": [0, 0, 15.99, 16], "texture": "#3"},
				"west": {"uv": [15.49, 15.5, 15.99, 16], "texture": "#3"},
				"up": {"uv": [15.49, 15.5, 15.99, 16], "texture": "#3"},
				"down": {"uv": [15, 15.5, 15.99, 16], "texture": "#3"}
			}
		},
		{
			"from": [-0.1, 0, 0],
			"to": [0.9, 16, 16],
			"rotation": {"angle": 0, "axis": "y", "origin": [7.9, 8, 8]},
			"faces": {
				"north": {"uv": [15.5, 15.5, 16, 16], "texture": "#3"},
				"east": {"uv": [0, 0, 1, 0.5], "texture": "#3"},
				"south": {"uv": [0, 0, 0.5, 1], "texture": "#3"},
				"west": {"uv": [0, 0, 16, 16], "texture": "#3"},
				"up": {"uv": [0, 0, 0.5, 0.5], "texture": "#3"},
				"down": {"uv": [0, 0, 1, 1], "texture": "#3"}
			}
		},
		{
			"from": [15.1, 0, 0],
			"to": [16.1, 16, 16],
			"rotation": {"angle": 0, "axis": "y", "origin": [23.1, 8, 8]},
			"faces": {
				"north": {"uv": [0, 0, 1, 16], "texture": "#3"},
				"east": {"uv": [0, 0, 16, 16], "texture": "#3"},
				"south": {"uv": [0, 0, 1, 16], "texture": "#3"},
				"west": {"uv": [0, 0, 0.5, 1.5], "texture": "#3"},
				"up": {"uv": [0, 0, 1, 16], "texture": "#3"},
				"down": {"uv": [0, 0, 1, 16], "texture": "#3"}
			}
		}
	],
	"groups": [0, 1,
		{
			"name": "BODY",
			"origin": [0.5, 0.5, 0.5],
			"children": [2, 3, 4, 5, 6]
		},
		{
			"name": "UPPER CORNER",
			"origin": [23, 8, 18],
			"children": [7, 8, 9, 10, 11, 12, 13, 14, 15, 16, 17]
		}
	]
}