{
	"credit": "Made with Blockbench",
	"elements": [
		{
			"from": [15, 0, 7],
			"to": [16, 16, 8],
			"rotation": {"angle": 0, "axis": "y", "origin": [15, 8, 15]},
			"color": 4,
			"faces": {
				"north": {"uv": [0, 0, 1, 16], "texture": "#missing"},
				"east": {"uv": [0, 0, 1, 16], "texture": "#missing"},
				"south": {"uv": [0, 0, 1, 16], "texture": "#missing"},
				"west": {"uv": [0, 0, 1, 16], "texture": "#missing"},
				"up": {"uv": [0, 0, 1, 1], "texture": "#missing"},
				"down": {"uv": [0, 0, 1, 1], "texture": "#missing"}
			}
		},
		{
			"from": [13, 0, 7],
			"to": [14, 16, 8],
			"rotation": {"angle": 0, "axis": "y", "origin": [13, 8, 15]},
			"color": 4,
			"faces": {
				"north": {"uv": [0, 0, 1, 16], "texture": "#missing"},
				"east": {"uv": [0, 0, 1, 16], "texture": "#missing"},
				"south": {"uv": [0, 0, 1, 16], "texture": "#missing"},
				"west": {"uv": [0, 0, 1, 16], "texture": "#missing"},
				"up": {"uv": [0, 0, 1, 1], "texture": "#missing"},
				"down": {"uv": [0, 0, 1, 1], "texture": "#missing"}
			}
		},
		{
			"from": [11, 0, 7],
			"to": [12, 16, 8],
			"rotation": {"angle": 0, "axis": "y", "origin": [11, 8, 15]},
			"color": 4,
			"faces": {
				"north": {"uv": [0, 0, 1, 16], "texture": "#missing"},
				"east": {"uv": [0, 0, 1, 16], "texture": "#missing"},
				"south": {"uv": [0, 0, 1, 16], "texture": "#missing"},
				"west": {"uv": [0, 0, 1, 16], "texture": "#missing"},
				"up": {"uv": [0, 0, 1, 1], "texture": "#missing"},
				"down": {"uv": [0, 0, 1, 1], "texture": "#missing"}
			}
		},
		{
			"from": [9, 0, 7],
			"to": [10, 16, 8],
			"rotation": {"angle": 0, "axis": "y", "origin": [9, 8, 15]},
			"color": 4,
			"faces": {
				"north": {"uv": [0, 0, 1, 16], "texture": "#missing"},
				"east": {"uv": [0, 0, 1, 16], "texture": "#missing"},
				"south": {"uv": [0, 0, 1, 16], "texture": "#missing"},
				"west": {"uv": [0, 0, 1, 16], "texture": "#missing"},
				"up": {"uv": [0, 0, 1, 1], "texture": "#missing"},
				"down": {"uv": [0, 0, 1, 1], "texture": "#missing"}
			}
		},
		{
			"from": [7, 0, 7],
			"to": [8, 16, 8],
			"rotation": {"angle": 0, "axis": "y", "origin": [7, 8, 15]},
			"color": 4,
			"faces": {
				"north": {"uv": [0, 0, 1, 16], "texture": "#missing"},
				"east": {"uv": [0, 0, 1, 16], "texture": "#missing"},
				"south": {"uv": [0, 0, 1, 16], "texture": "#missing"},
				"west": {"uv": [0, 0, 1, 16], "texture": "#missing"},
				"up": {"uv": [0, 0, 1, 1], "texture": "#missing"},
				"down": {"uv": [0, 0, 1, 1], "texture": "#missing"}
			}
		},
		{
			"from": [5, 0, 7],
			"to": [6, 16, 8],
			"rotation": {"angle": 0, "axis": "y", "origin": [5, 8, 15]},
			"color": 4,
			"faces": {
				"north": {"uv": [0, 0, 1, 16], "texture": "#missing"},
				"east": {"uv": [0, 0, 1, 16], "texture": "#missing"},
				"south": {"uv": [0, 0, 1, 16], "texture": "#missing"},
				"west": {"uv": [0, 0, 1, 16], "texture": "#missing"},
				"up": {"uv": [0, 0, 1, 1], "texture": "#missing"},
				"down": {"uv": [0, 0, 1, 1], "texture": "#missing"}
			}
		},
		{
			"from": [3, 0, 7],
			"to": [4, 16, 8],
			"rotation": {"angle": 0, "axis": "y", "origin": [3, 8, 15]},
			"color": 4,
			"faces": {
				"north": {"uv": [0, 0, 1, 16], "texture": "#missing"},
				"east": {"uv": [0, 0, 1, 16], "texture": "#missing"},
				"south": {"uv": [0, 0, 1, 16], "texture": "#missing"},
				"west": {"uv": [0, 0, 1, 16], "texture": "#missing"},
				"up": {"uv": [0, 0, 1, 1], "texture": "#missing"},
				"down": {"uv": [0, 0, 1, 1], "texture": "#missing"}
			}
		},
		{
			"from": [1, 0, 7],
			"to": [2, 16, 8],
			"rotation": {"angle": 0, "axis": "y", "origin": [1, 8, 15]},
			"color": 4,
			"faces": {
				"north": {"uv": [0, 0, 1, 16], "texture": "#missing"},
				"east": {"uv": [0, 0, 1, 16], "texture": "#missing"},
				"south": {"uv": [0, 0, 1, 16], "texture": "#missing"},
				"west": {"uv": [0, 0, 1, 16], "texture": "#missing"},
				"up": {"uv": [0, 0, 1, 1], "texture": "#missing"},
				"down": {"uv": [0, 0, 1, 1], "texture": "#missing"}
			}
		}
	]
}