{
	"credit": "Made with Blockbench",
	"textures": {
		"0": "blocks/cauldron_inner",
		"1": "blocks/coal_block",
		"2": "blocks/dragon_egg",
		"5": "blocks/side",
		"6": "blocks/custom/bg",
		"particle": "blocks/cauldron_inner"
	},
	"elements": [
		{
			"name": "Keyboard",
			"from": [4.9, 0, 1.95],
			"to": [14.2, 1, 5],
			"rotation": {"angle": 0, "axis": "y", "origin": [8, 8, 10]},
			"faces": {
				"north": {"uv": [0, 0, 9, 1], "texture": "#0"},
				"east": {"uv": [0, 0, 4, 1], "texture": "#0"},
				"south": {"uv": [0, 0, 9, 1], "texture": "#0"},
				"west": {"uv": [0, 0, 4, 1], "texture": "#0"},
				"up": {"uv": [0, 6.5, 16, 10.5], "texture": "#0"},
				"down": {"uv": [0, 0, 9, 4], "texture": "#0"}
			}
		},
		{
			"name": "Key",
			"from": [12.5, 1, 4.5],
			"to": [12.9, 1.1, 4.9],
			"rotation": {"angle": 0, "axis": "y", "origin": [12.55, 1.05, 4.25]},
			"faces": {
				"north": {"uv": [0, 0, 0.4, 0.4], "texture": "#1"},
				"east": {"uv": [0, 0, 0.4, 0.4], "texture": "#1"},
				"south": {"uv": [0, 0, 0.4, 0.4], "texture": "#1"},
				"west": {"uv": [0, 0, 0.4, 0.4], "texture": "#1"},
				"up": {"uv": [0, 0, 0.4, 0.4], "texture": "#1"},
				"down": {"uv": [0, 0, 0.4, 0.4], "texture": "#1"}
			}
		},
		{
			"name": "Key",
			"from": [12, 1, 4.5],
			"to": [12.4, 1.1, 4.9],
			"rotation": {"angle": 0, "axis": "y", "origin": [12.05, 1.05, 4.25]},
			"faces": {
				"north": {"uv": [0, 0, 0.4, 0.4], "texture": "#1"},
				"east": {"uv": [0, 0, 0.4, 0.4], "texture": "#1"},
				"south": {"uv": [0, 0, 0.4, 0.4], "texture": "#1"},
				"west": {"uv": [0, 0, 0.4, 0.4], "texture": "#1"},
				"up": {"uv": [0, 0, 0.4, 0.4], "texture": "#1"},
				"down": {"uv": [0, 0, 0.4, 0.4], "texture": "#1"}
			}
		},
		{
			"name": "Key",
			"from": [13, 1, 4.5],
			"to": [13.4, 1.1, 4.9],
			"rotation": {"angle": 0, "axis": "y", "origin": [13.05, 1.05, 4.25]},
			"faces": {
				"north": {"uv": [0, 0, 0.4, 0.4], "texture": "#1"},
				"east": {"uv": [0, 0, 0.4, 0.4], "texture": "#1"},
				"south": {"uv": [0, 0, 0.4, 0.4], "texture": "#1"},
				"west": {"uv": [0, 0, 0.4, 0.4], "texture": "#1"},
				"up": {"uv": [0, 0, 0.4, 0.4], "texture": "#1"},
				"down": {"uv": [0, 0, 0.4, 0.4], "texture": "#1"}
			}
		},
		{
			"name": "Key",
			"from": [8.5, 1, 4.5],
			"to": [8.9, 1.1, 4.9],
			"rotation": {"angle": 0, "axis": "y", "origin": [8.55, 1.05, 4.25]},
			"faces": {
				"north": {"uv": [0, 0, 0.4, 0.4], "texture": "#1"},
				"east": {"uv": [0, 0, 0.4, 0.4], "texture": "#1"},
				"south": {"uv": [0, 0, 0.4, 0.4], "texture": "#1"},
				"west": {"uv": [0, 0, 0.4, 0.4], "texture": "#1"},
				"up": {"uv": [0, 0, 0.4, 0.4], "texture": "#1"},
				"down": {"uv": [0, 0, 0.4, 0.4], "texture": "#1"}
			}
		},
		{
			"name": "Key",
			"from": [8, 1, 4.5],
			"to": [8.4, 1.1, 4.9],
			"rotation": {"angle": 0, "axis": "y", "origin": [8.05, 1.05, 4.25]},
			"faces": {
				"north": {"uv": [0, 0, 0.4, 0.4], "texture": "#1"},
				"east": {"uv": [0, 0, 0.4, 0.4], "texture": "#1"},
				"south": {"uv": [0, 0, 0.4, 0.4], "texture": "#1"},
				"west": {"uv": [0, 0, 0.4, 0.4], "texture": "#1"},
				"up": {"uv": [0, 0, 0.4, 0.4], "texture": "#1"},
				"down": {"uv": [0, 0, 0.4, 0.4], "texture": "#1"}
			}
		},
		{
			"name": "Key",
			"from": [6.8, 1, 4.5],
			"to": [7.4, 1.1, 4.9],
			"rotation": {"angle": 0, "axis": "y", "origin": [6.85, 1.05, 4.25]},
			"faces": {
				"north": {"uv": [0, 0, 0.4, 0.4], "texture": "#1"},
				"east": {"uv": [0, 0, 0.4, 0.4], "texture": "#1"},
				"south": {"uv": [0, 0, 0.4, 0.4], "texture": "#1"},
				"west": {"uv": [0, 0, 0.4, 0.4], "texture": "#1"},
				"up": {"uv": [0, 0, 0.4, 0.4], "texture": "#1"},
				"down": {"uv": [0, 0, 0.4, 0.4], "texture": "#1"}
			}
		},
		{
			"name": "Key",
			"from": [13.5, 1, 4.5],
			"to": [14.1, 1.1, 4.9],
			"rotation": {"angle": 0, "axis": "y", "origin": [13.55, 1.05, 4.25]},
			"faces": {
				"north": {"uv": [0, 0, 0.4, 0.4], "texture": "#1"},
				"east": {"uv": [0, 0, 0.4, 0.4], "texture": "#1"},
				"south": {"uv": [0, 0, 0.4, 0.4], "texture": "#1"},
				"west": {"uv": [0, 0, 0.4, 0.4], "texture": "#1"},
				"up": {"uv": [0, 0, 0.4, 0.4], "texture": "#1"},
				"down": {"uv": [0, 0, 0.4, 0.4], "texture": "#1"}
			}
		},
		{
			"name": "Key",
			"from": [13.65, 1, 4],
			"to": [14.1, 1.1, 4.4],
			"rotation": {"angle": 0, "axis": "y", "origin": [13.55, 1.05, 3.75]},
			"faces": {
				"north": {"uv": [0, 0, 0.4, 0.4], "texture": "#1"},
				"east": {"uv": [0, 0, 0.4, 0.4], "texture": "#1"},
				"south": {"uv": [0, 0, 0.4, 0.4], "texture": "#1"},
				"west": {"uv": [0, 0, 0.4, 0.4], "texture": "#1"},
				"up": {"uv": [0, 0, 0.4, 0.4], "texture": "#1"},
				"down": {"uv": [0, 0, 0.4, 0.4], "texture": "#1"}
			}
		},
		{
			"name": "Key",
			"from": [13.55, 1, 2.5],
			"to": [14.1, 1.1, 2.9],
			"rotation": {"angle": 0, "axis": "y", "origin": [13.55, 1.05, 2.25]},
			"faces": {
				"north": {"uv": [0, 0, 0.4, 0.4], "texture": "#1"},
				"east": {"uv": [0, 0, 0.4, 0.4], "texture": "#1"},
				"south": {"uv": [0, 0, 0.4, 0.4], "texture": "#1"},
				"west": {"uv": [0, 0, 0.4, 0.4], "texture": "#1"},
				"up": {"uv": [0, 0, 0.4, 0.4], "texture": "#1"},
				"down": {"uv": [0, 0, 0.4, 0.4], "texture": "#1"}
			}
		},
		{
			"name": "Key",
			"from": [13.45, 1, 2],
			"to": [14.1, 1.1, 2.4],
			"rotation": {"angle": 0, "axis": "y", "origin": [13.55, 1.05, 1.75]},
			"faces": {
				"north": {"uv": [0, 0, 0.4, 0.4], "texture": "#1"},
				"east": {"uv": [0, 0, 0.4, 0.4], "texture": "#1"},
				"south": {"uv": [0, 0, 0.4, 0.4], "texture": "#1"},
				"west": {"uv": [0, 0, 0.4, 0.4], "texture": "#1"},
				"up": {"uv": [0, 0, 0.4, 0.4], "texture": "#1"},
				"down": {"uv": [0, 0, 0.4, 0.4], "texture": "#1"}
			}
		},
		{
			"name": "Key",
			"from": [13.55, 1, 3.5],
			"to": [14.1, 1.1, 3.9],
			"rotation": {"angle": 0, "axis": "y", "origin": [13.55, 1.05, 3.25]},
			"faces": {
				"north": {"uv": [0, 0, 0.4, 0.4], "texture": "#1"},
				"east": {"uv": [0, 0, 0.4, 0.4], "texture": "#1"},
				"south": {"uv": [0, 0, 0.4, 0.4], "texture": "#1"},
				"west": {"uv": [0, 0, 0.4, 0.4], "texture": "#1"},
				"up": {"uv": [0, 0, 0.4, 0.4], "texture": "#1"},
				"down": {"uv": [0, 0, 0.4, 0.4], "texture": "#1"}
			}
		},
		{
			"name": "Key",
			"from": [13.45, 1, 3],
			"to": [14.1, 1.1, 3.4],
			"rotation": {"angle": 0, "axis": "y", "origin": [13.55, 1.05, 2.75]},
			"faces": {
				"north": {"uv": [0, 0, 0.4, 0.4], "texture": "#1"},
				"east": {"uv": [0, 0, 0.4, 0.4], "texture": "#1"},
				"south": {"uv": [0, 0, 0.4, 0.4], "texture": "#1"},
				"west": {"uv": [0, 0, 0.4, 0.4], "texture": "#1"},
				"up": {"uv": [0, 0, 0.4, 0.4], "texture": "#1"},
				"down": {"uv": [0, 0, 0.4, 0.4], "texture": "#1"}
			}
		},
		{
			"name": "Key",
			"from": [13.2, 1, 4],
			"to": [13.6, 1.1, 4.4],
			"rotation": {"angle": 0, "axis": "y", "origin": [13, 1.05, 3.75]},
			"faces": {
				"north": {"uv": [0, 0, 0.4, 0.4], "texture": "#1"},
				"east": {"uv": [0, 0, 0.4, 0.4], "texture": "#1"},
				"south": {"uv": [0, 0, 0.4, 0.4], "texture": "#1"},
				"west": {"uv": [0, 0, 0.4, 0.4], "texture": "#1"},
				"up": {"uv": [0, 0, 0.4, 0.4], "texture": "#1"},
				"down": {"uv": [0, 0, 0.4, 0.4], "texture": "#1"}
			}
		},
		{
			"name": "Key",
			"from": [13.1, 1, 2.5],
			"to": [13.5, 1.1, 2.9],
			"rotation": {"angle": 0, "axis": "y", "origin": [12.9, 1.05, 2.25]},
			"faces": {
				"north": {"uv": [0, 0, 0.4, 0.4], "texture": "#1"},
				"east": {"uv": [0, 0, 0.4, 0.4], "texture": "#1"},
				"south": {"uv": [0, 0, 0.4, 0.4], "texture": "#1"},
				"west": {"uv": [0, 0, 0.4, 0.4], "texture": "#1"},
				"up": {"uv": [0, 0, 0.4, 0.4], "texture": "#1"},
				"down": {"uv": [0, 0, 0.4, 0.4], "texture": "#1"}
			}
		},
		{
			"name": "Key",
			"from": [13.1, 1, 3.5],
			"to": [13.5, 1.1, 3.9],
			"rotation": {"angle": 0, "axis": "y", "origin": [12.9, 1.05, 3.25]},
			"faces": {
				"north": {"uv": [0, 0, 0.4, 0.4], "texture": "#1"},
				"east": {"uv": [0, 0, 0.4, 0.4], "texture": "#1"},
				"south": {"uv": [0, 0, 0.4, 0.4], "texture": "#1"},
				"west": {"uv": [0, 0, 0.4, 0.4], "texture": "#1"},
				"up": {"uv": [0, 0, 0.4, 0.4], "texture": "#1"},
				"down": {"uv": [0, 0, 0.4, 0.4], "texture": "#1"}
			}
		},
		{
			"name": "Key",
			"from": [13, 1, 3],
			"to": [13.4, 1.1, 3.4],
			"rotation": {"angle": 0, "axis": "y", "origin": [12.8, 1.05, 2.75]},
			"faces": {
				"north": {"uv": [0, 0, 0.4, 0.4], "texture": "#1"},
				"east": {"uv": [0, 0, 0.4, 0.4], "texture": "#1"},
				"south": {"uv": [0, 0, 0.4, 0.4], "texture": "#1"},
				"west": {"uv": [0, 0, 0.4, 0.4], "texture": "#1"},
				"up": {"uv": [0, 0, 0.4, 0.4], "texture": "#1"},
				"down": {"uv": [0, 0, 0.4, 0.4], "texture": "#1"}
			}
		},
		{
			"name": "Key",
			"from": [12.7, 1, 4],
			"to": [13.1, 1.1, 4.4],
			"rotation": {"angle": 0, "axis": "y", "origin": [12.5, 1.05, 3.75]},
			"faces": {
				"north": {"uv": [0, 0, 0.4, 0.4], "texture": "#1"},
				"east": {"uv": [0, 0, 0.4, 0.4], "texture": "#1"},
				"south": {"uv": [0, 0, 0.4, 0.4], "texture": "#1"},
				"west": {"uv": [0, 0, 0.4, 0.4], "texture": "#1"},
				"up": {"uv": [0, 0, 0.4, 0.4], "texture": "#1"},
				"down": {"uv": [0, 0, 0.4, 0.4], "texture": "#1"}
			}
		},
		{
			"name": "Key",
			"from": [12.6, 1, 2.5],
			"to": [13, 1.1, 2.9],
			"rotation": {"angle": 0, "axis": "y", "origin": [12.4, 1.05, 2.25]},
			"faces": {
				"north": {"uv": [0, 0, 0.4, 0.4], "texture": "#1"},
				"east": {"uv": [0, 0, 0.4, 0.4], "texture": "#1"},
				"south": {"uv": [0, 0, 0.4, 0.4], "texture": "#1"},
				"west": {"uv": [0, 0, 0.4, 0.4], "texture": "#1"},
				"up": {"uv": [0, 0, 0.4, 0.4], "texture": "#1"},
				"down": {"uv": [0, 0, 0.4, 0.4], "texture": "#1"}
			}
		},
		{
			"name": "Key",
			"from": [12.8, 1, 2],
			"to": [13.4, 1.1, 2.4],
			"rotation": {"angle": 0, "axis": "y", "origin": [12.4, 1.05, 1.75]},
			"faces": {
				"north": {"uv": [0, 0, 0.4, 0.4], "texture": "#1"},
				"east": {"uv": [0, 0, 0.4, 0.4], "texture": "#1"},
				"south": {"uv": [0, 0, 0.4, 0.4], "texture": "#1"},
				"west": {"uv": [0, 0, 0.4, 0.4], "texture": "#1"},
				"up": {"uv": [0, 0, 0.4, 0.4], "texture": "#1"},
				"down": {"uv": [0, 0, 0.4, 0.4], "texture": "#1"}
			}
		},
		{
			"name": "Key",
			"from": [12.6, 1, 3.5],
			"to": [13, 1.1, 3.9],
			"rotation": {"angle": 0, "axis": "y", "origin": [12.4, 1.05, 3.25]},
			"faces": {
				"north": {"uv": [0, 0, 0.4, 0.4], "texture": "#1"},
				"east": {"uv": [0, 0, 0.4, 0.4], "texture": "#1"},
				"south": {"uv": [0, 0, 0.4, 0.4], "texture": "#1"},
				"west": {"uv": [0, 0, 0.4, 0.4], "texture": "#1"},
				"up": {"uv": [0, 0, 0.4, 0.4], "texture": "#1"},
				"down": {"uv": [0, 0, 0.4, 0.4], "texture": "#1"}
			}
		},
		{
			"name": "Key",
			"from": [12.5, 1, 3],
			"to": [12.9, 1.1, 3.4],
			"rotation": {"angle": 0, "axis": "y", "origin": [12.3, 1.05, 2.75]},
			"faces": {
				"north": {"uv": [0, 0, 0.4, 0.4], "texture": "#1"},
				"east": {"uv": [0, 0, 0.4, 0.4], "texture": "#1"},
				"south": {"uv": [0, 0, 0.4, 0.4], "texture": "#1"},
				"west": {"uv": [0, 0, 0.4, 0.4], "texture": "#1"},
				"up": {"uv": [0, 0, 0.4, 0.4], "texture": "#1"},
				"down": {"uv": [0, 0, 0.4, 0.4], "texture": "#1"}
			}
		},
		{
			"name": "Key",
			"from": [12.2, 1, 4],
			"to": [12.6, 1.1, 4.4],
			"rotation": {"angle": 0, "axis": "y", "origin": [12, 1.05, 3.75]},
			"faces": {
				"north": {"uv": [0, 0, 0.4, 0.4], "texture": "#1"},
				"east": {"uv": [0, 0, 0.4, 0.4], "texture": "#1"},
				"south": {"uv": [0, 0, 0.4, 0.4], "texture": "#1"},
				"west": {"uv": [0, 0, 0.4, 0.4], "texture": "#1"},
				"up": {"uv": [0, 0, 0.4, 0.4], "texture": "#1"},
				"down": {"uv": [0, 0, 0.4, 0.4], "texture": "#1"}
			}
		},
		{
			"name": "Key",
			"from": [12.1, 1, 2.5],
			"to": [12.5, 1.1, 2.9],
			"rotation": {"angle": 0, "axis": "y", "origin": [11.9, 1.05, 2.25]},
			"faces": {
				"north": {"uv": [0, 0, 0.4, 0.4], "texture": "#1"},
				"east": {"uv": [0, 0, 0.4, 0.4], "texture": "#1"},
				"south": {"uv": [0, 0, 0.4, 0.4], "texture": "#1"},
				"west": {"uv": [0, 0, 0.4, 0.4], "texture": "#1"},
				"up": {"uv": [0, 0, 0.4, 0.4], "texture": "#1"},
				"down": {"uv": [0, 0, 0.4, 0.4], "texture": "#1"}
			}
		},
		{
			"name": "Key",
			"from": [12.1, 1, 2],
			"to": [12.7, 1.1, 2.4],
			"rotation": {"angle": 0, "axis": "y", "origin": [11.9, 1.05, 1.75]},
			"faces": {
				"north": {"uv": [0, 0, 0.4, 0.4], "texture": "#1"},
				"east": {"uv": [0, 0, 0.4, 0.4], "texture": "#1"},
				"south": {"uv": [0, 0, 0.4, 0.4], "texture": "#1"},
				"west": {"uv": [0, 0, 0.4, 0.4], "texture": "#1"},
				"up": {"uv": [0, 0, 0.4, 0.4], "texture": "#1"},
				"down": {"uv": [0, 0, 0.4, 0.4], "texture": "#1"}
			}
		},
		{
			"name": "Key",
			"from": [12.1, 1, 3.5],
			"to": [12.5, 1.1, 3.9],
			"rotation": {"angle": 0, "axis": "y", "origin": [11.9, 1.05, 3.25]},
			"faces": {
				"north": {"uv": [0, 0, 0.4, 0.4], "texture": "#1"},
				"east": {"uv": [0, 0, 0.4, 0.4], "texture": "#1"},
				"south": {"uv": [0, 0, 0.4, 0.4], "texture": "#1"},
				"west": {"uv": [0, 0, 0.4, 0.4], "texture": "#1"},
				"up": {"uv": [0, 0, 0.4, 0.4], "texture": "#1"},
				"down": {"uv": [0, 0, 0.4, 0.4], "texture": "#1"}
			}
		},
		{
			"name": "Key",
			"from": [12, 1, 3],
			"to": [12.4, 1.1, 3.4],
			"rotation": {"angle": 0, "axis": "y", "origin": [11.8, 1.05, 2.75]},
			"faces": {
				"north": {"uv": [0, 0, 0.4, 0.4], "texture": "#1"},
				"east": {"uv": [0, 0, 0.4, 0.4], "texture": "#1"},
				"south": {"uv": [0, 0, 0.4, 0.4], "texture": "#1"},
				"west": {"uv": [0, 0, 0.4, 0.4], "texture": "#1"},
				"up": {"uv": [0, 0, 0.4, 0.4], "texture": "#1"},
				"down": {"uv": [0, 0, 0.4, 0.4], "texture": "#1"}
			}
		},
		{
			"name": "Key",
			"from": [11.7, 1, 4],
			"to": [12.1, 1.1, 4.4],
			"rotation": {"angle": 0, "axis": "y", "origin": [11.5, 1.05, 3.75]},
			"faces": {
				"north": {"uv": [0, 0, 0.4, 0.4], "texture": "#1"},
				"east": {"uv": [0, 0, 0.4, 0.4], "texture": "#1"},
				"south": {"uv": [0, 0, 0.4, 0.4], "texture": "#1"},
				"west": {"uv": [0, 0, 0.4, 0.4], "texture": "#1"},
				"up": {"uv": [0, 0, 0.4, 0.4], "texture": "#1"},
				"down": {"uv": [0, 0, 0.4, 0.4], "texture": "#1"}
			}
		},
		{
			"name": "Key",
			"from": [11.6, 1, 2.5],
			"to": [12, 1.1, 2.9],
			"rotation": {"angle": 0, "axis": "y", "origin": [11.4, 1.05, 2.25]},
			"faces": {
				"north": {"uv": [0, 0, 0.4, 0.4], "texture": "#1"},
				"east": {"uv": [0, 0, 0.4, 0.4], "texture": "#1"},
				"south": {"uv": [0, 0, 0.4, 0.4], "texture": "#1"},
				"west": {"uv": [0, 0, 0.4, 0.4], "texture": "#1"},
				"up": {"uv": [0, 0, 0.4, 0.4], "texture": "#1"},
				"down": {"uv": [0, 0, 0.4, 0.4], "texture": "#1"}
			}
		},
		{
			"name": "Key",
			"from": [9.1, 1, 2],
			"to": [12, 1.1, 2.4],
			"rotation": {"angle": 0, "axis": "y", "origin": [11.4, 1.05, 1.75]},
			"faces": {
				"north": {"uv": [0, 0, 0.4, 0.4], "texture": "#1"},
				"east": {"uv": [0, 0, 0.4, 0.4], "texture": "#1"},
				"south": {"uv": [0, 0, 0.4, 0.4], "texture": "#1"},
				"west": {"uv": [0, 0, 0.4, 0.4], "texture": "#1"},
				"up": {"uv": [0, 0, 0.4, 0.4], "texture": "#1"},
				"down": {"uv": [0, 0, 0.4, 0.4], "texture": "#1"}
			}
		},
		{
			"name": "Key",
			"from": [11.6, 1, 3.5],
			"to": [12, 1.1, 3.9],
			"rotation": {"angle": 0, "axis": "y", "origin": [11.4, 1.05, 3.25]},
			"faces": {
				"north": {"uv": [0, 0, 0.4, 0.4], "texture": "#1"},
				"east": {"uv": [0, 0, 0.4, 0.4], "texture": "#1"},
				"south": {"uv": [0, 0, 0.4, 0.4], "texture": "#1"},
				"west": {"uv": [0, 0, 0.4, 0.4], "texture": "#1"},
				"up": {"uv": [0, 0, 0.4, 0.4], "texture": "#1"},
				"down": {"uv": [0, 0, 0.4, 0.4], "texture": "#1"}
			}
		},
		{
			"name": "Key",
			"from": [11.5, 1, 3],
			"to": [11.9, 1.1, 3.4],
			"rotation": {"angle": 0, "axis": "y", "origin": [11.3, 1.05, 2.75]},
			"faces": {
				"north": {"uv": [0, 0, 0.4, 0.4], "texture": "#1"},
				"east": {"uv": [0, 0, 0.4, 0.4], "texture": "#1"},
				"south": {"uv": [0, 0, 0.4, 0.4], "texture": "#1"},
				"west": {"uv": [0, 0, 0.4, 0.4], "texture": "#1"},
				"up": {"uv": [0, 0, 0.4, 0.4], "texture": "#1"},
				"down": {"uv": [0, 0, 0.4, 0.4], "texture": "#1"}
			}
		},
		{
			"name": "Key",
			"from": [11.2, 1, 4],
			"to": [11.6, 1.1, 4.4],
			"rotation": {"angle": 0, "axis": "y", "origin": [11, 1.05, 3.75]},
			"faces": {
				"north": {"uv": [0, 0, 0.4, 0.4], "texture": "#1"},
				"east": {"uv": [0, 0, 0.4, 0.4], "texture": "#1"},
				"south": {"uv": [0, 0, 0.4, 0.4], "texture": "#1"},
				"west": {"uv": [0, 0, 0.4, 0.4], "texture": "#1"},
				"up": {"uv": [0, 0, 0.4, 0.4], "texture": "#1"},
				"down": {"uv": [0, 0, 0.4, 0.4], "texture": "#1"}
			}
		},
		{
			"name": "Key",
			"from": [11.1, 1, 2.5],
			"to": [11.5, 1.1, 2.9],
			"rotation": {"angle": 0, "axis": "y", "origin": [10.9, 1.05, 2.25]},
			"faces": {
				"north": {"uv": [0, 0, 0.4, 0.4], "texture": "#1"},
				"east": {"uv": [0, 0, 0.4, 0.4], "texture": "#1"},
				"south": {"uv": [0, 0, 0.4, 0.4], "texture": "#1"},
				"west": {"uv": [0, 0, 0.4, 0.4], "texture": "#1"},
				"up": {"uv": [0, 0, 0.4, 0.4], "texture": "#1"},
				"down": {"uv": [0, 0, 0.4, 0.4], "texture": "#1"}
			}
		},
		{
			"name": "Key",
			"from": [11.1, 1, 3.5],
			"to": [11.5, 1.1, 3.9],
			"rotation": {"angle": 0, "axis": "y", "origin": [10.9, 1.05, 3.25]},
			"faces": {
				"north": {"uv": [0, 0, 0.4, 0.4], "texture": "#1"},
				"east": {"uv": [0, 0, 0.4, 0.4], "texture": "#1"},
				"south": {"uv": [0, 0, 0.4, 0.4], "texture": "#1"},
				"west": {"uv": [0, 0, 0.4, 0.4], "texture": "#1"},
				"up": {"uv": [0, 0, 0.4, 0.4], "texture": "#1"},
				"down": {"uv": [0, 0, 0.4, 0.4], "texture": "#1"}
			}
		},
		{
			"name": "Key",
			"from": [11, 1, 3],
			"to": [11.4, 1.1, 3.4],
			"rotation": {"angle": 0, "axis": "y", "origin": [10.8, 1.05, 2.75]},
			"faces": {
				"north": {"uv": [0, 0, 0.4, 0.4], "texture": "#1"},
				"east": {"uv": [0, 0, 0.4, 0.4], "texture": "#1"},
				"south": {"uv": [0, 0, 0.4, 0.4], "texture": "#1"},
				"west": {"uv": [0, 0, 0.4, 0.4], "texture": "#1"},
				"up": {"uv": [0, 0, 0.4, 0.4], "texture": "#1"},
				"down": {"uv": [0, 0, 0.4, 0.4], "texture": "#1"}
			}
		},
		{
			"name": "Key",
			"from": [10.7, 1, 4],
			"to": [11.1, 1.1, 4.4],
			"rotation": {"angle": 0, "axis": "y", "origin": [10.5, 1.05, 3.75]},
			"faces": {
				"north": {"uv": [0, 0, 0.4, 0.4], "texture": "#1"},
				"east": {"uv": [0, 0, 0.4, 0.4], "texture": "#1"},
				"south": {"uv": [0, 0, 0.4, 0.4], "texture": "#1"},
				"west": {"uv": [0, 0, 0.4, 0.4], "texture": "#1"},
				"up": {"uv": [0, 0, 0.4, 0.4], "texture": "#1"},
				"down": {"uv": [0, 0, 0.4, 0.4], "texture": "#1"}
			}
		},
		{
			"name": "Key",
			"from": [10.6, 1, 2.5],
			"to": [11, 1.1, 2.9],
			"rotation": {"angle": 0, "axis": "y", "origin": [10.4, 1.05, 2.25]},
			"faces": {
				"north": {"uv": [0, 0, 0.4, 0.4], "texture": "#1"},
				"east": {"uv": [0, 0, 0.4, 0.4], "texture": "#1"},
				"south": {"uv": [0, 0, 0.4, 0.4], "texture": "#1"},
				"west": {"uv": [0, 0, 0.4, 0.4], "texture": "#1"},
				"up": {"uv": [0, 0, 0.4, 0.4], "texture": "#1"},
				"down": {"uv": [0, 0, 0.4, 0.4], "texture": "#1"}
			}
		},
		{
			"name": "Key",
			"from": [10.6, 1, 3.5],
			"to": [11, 1.1, 3.9],
			"rotation": {"angle": 0, "axis": "y", "origin": [10.4, 1.05, 3.25]},
			"faces": {
				"north": {"uv": [0, 0, 0.4, 0.4], "texture": "#1"},
				"east": {"uv": [0, 0, 0.4, 0.4], "texture": "#1"},
				"south": {"uv": [0, 0, 0.4, 0.4], "texture": "#1"},
				"west": {"uv": [0, 0, 0.4, 0.4], "texture": "#1"},
				"up": {"uv": [0, 0, 0.4, 0.4], "texture": "#1"},
				"down": {"uv": [0, 0, 0.4, 0.4], "texture": "#1"}
			}
		},
		{
			"name": "Key",
			"from": [10.5, 1, 3],
			"to": [10.9, 1.1, 3.4],
			"rotation": {"angle": 0, "axis": "y", "origin": [10.3, 1.05, 2.75]},
			"faces": {
				"north": {"uv": [0, 0, 0.4, 0.4], "texture": "#1"},
				"east": {"uv": [0, 0, 0.4, 0.4], "texture": "#1"},
				"south": {"uv": [0, 0, 0.4, 0.4], "texture": "#1"},
				"west": {"uv": [0, 0, 0.4, 0.4], "texture": "#1"},
				"up": {"uv": [0, 0, 0.4, 0.4], "texture": "#1"},
				"down": {"uv": [0, 0, 0.4, 0.4], "texture": "#1"}
			}
		},
		{
			"name": "Key",
			"from": [10.2, 1, 4],
			"to": [10.6, 1.1, 4.4],
			"rotation": {"angle": 0, "axis": "y", "origin": [10, 1.05, 3.75]},
			"faces": {
				"north": {"uv": [0, 0, 0.4, 0.4], "texture": "#1"},
				"east": {"uv": [0, 0, 0.4, 0.4], "texture": "#1"},
				"south": {"uv": [0, 0, 0.4, 0.4], "texture": "#1"},
				"west": {"uv": [0, 0, 0.4, 0.4], "texture": "#1"},
				"up": {"uv": [0, 0, 0.4, 0.4], "texture": "#1"},
				"down": {"uv": [0, 0, 0.4, 0.4], "texture": "#1"}
			}
		},
		{
			"name": "Key",
			"from": [10.1, 1, 2.5],
			"to": [10.5, 1.1, 2.9],
			"rotation": {"angle": 0, "axis": "y", "origin": [9.9, 1.05, 2.25]},
			"faces": {
				"north": {"uv": [0, 0, 0.4, 0.4], "texture": "#1"},
				"east": {"uv": [0, 0, 0.4, 0.4], "texture": "#1"},
				"south": {"uv": [0, 0, 0.4, 0.4], "texture": "#1"},
				"west": {"uv": [0, 0, 0.4, 0.4], "texture": "#1"},
				"up": {"uv": [0, 0, 0.4, 0.4], "texture": "#1"},
				"down": {"uv": [0, 0, 0.4, 0.4], "texture": "#1"}
			}
		},
		{
			"name": "Key",
			"from": [10.1, 1, 3.5],
			"to": [10.5, 1.1, 3.9],
			"rotation": {"angle": 0, "axis": "y", "origin": [9.9, 1.05, 3.25]},
			"faces": {
				"north": {"uv": [0, 0, 0.4, 0.4], "texture": "#1"},
				"east": {"uv": [0, 0, 0.4, 0.4], "texture": "#1"},
				"south": {"uv": [0, 0, 0.4, 0.4], "texture": "#1"},
				"west": {"uv": [0, 0, 0.4, 0.4], "texture": "#1"},
				"up": {"uv": [0, 0, 0.4, 0.4], "texture": "#1"},
				"down": {"uv": [0, 0, 0.4, 0.4], "texture": "#1"}
			}
		},
		{
			"name": "Key",
			"from": [10, 1, 3],
			"to": [10.4, 1.1, 3.4],
			"rotation": {"angle": 0, "axis": "y", "origin": [9.8, 1.05, 2.75]},
			"faces": {
				"north": {"uv": [0, 0, 0.4, 0.4], "texture": "#1"},
				"east": {"uv": [0, 0, 0.4, 0.4], "texture": "#1"},
				"south": {"uv": [0, 0, 0.4, 0.4], "texture": "#1"},
				"west": {"uv": [0, 0, 0.4, 0.4], "texture": "#1"},
				"up": {"uv": [0, 0, 0.4, 0.4], "texture": "#1"},
				"down": {"uv": [0, 0, 0.4, 0.4], "texture": "#1"}
			}
		},
		{
			"name": "Key",
			"from": [9.7, 1, 4],
			"to": [10.1, 1.1, 4.4],
			"rotation": {"angle": 0, "axis": "y", "origin": [9.5, 1.05, 3.75]},
			"faces": {
				"north": {"uv": [0, 0, 0.4, 0.4], "texture": "#1"},
				"east": {"uv": [0, 0, 0.4, 0.4], "texture": "#1"},
				"south": {"uv": [0, 0, 0.4, 0.4], "texture": "#1"},
				"west": {"uv": [0, 0, 0.4, 0.4], "texture": "#1"},
				"up": {"uv": [0, 0, 0.4, 0.4], "texture": "#1"},
				"down": {"uv": [0, 0, 0.4, 0.4], "texture": "#1"}
			}
		},
		{
			"name": "Key",
			"from": [9.6, 1, 2.5],
			"to": [10, 1.1, 2.9],
			"rotation": {"angle": 0, "axis": "y", "origin": [9.4, 1.05, 2.25]},
			"faces": {
				"north": {"uv": [0, 0, 0.4, 0.4], "texture": "#1"},
				"east": {"uv": [0, 0, 0.4, 0.4], "texture": "#1"},
				"south": {"uv": [0, 0, 0.4, 0.4], "texture": "#1"},
				"west": {"uv": [0, 0, 0.4, 0.4], "texture": "#1"},
				"up": {"uv": [0, 0, 0.4, 0.4], "texture": "#1"},
				"down": {"uv": [0, 0, 0.4, 0.4], "texture": "#1"}
			}
		},
		{
			"name": "Key",
			"from": [9.6, 1, 3.5],
			"to": [10, 1.1, 3.9],
			"rotation": {"angle": 0, "axis": "y", "origin": [9.4, 1.05, 3.25]},
			"faces": {
				"north": {"uv": [0, 0, 0.4, 0.4], "texture": "#1"},
				"east": {"uv": [0, 0, 0.4, 0.4], "texture": "#1"},
				"south": {"uv": [0, 0, 0.4, 0.4], "texture": "#1"},
				"west": {"uv": [0, 0, 0.4, 0.4], "texture": "#1"},
				"up": {"uv": [0, 0, 0.4, 0.4], "texture": "#1"},
				"down": {"uv": [0, 0, 0.4, 0.4], "texture": "#1"}
			}
		},
		{
			"name": "Key",
			"from": [9.5, 1, 3],
			"to": [9.9, 1.1, 3.4],
			"rotation": {"angle": 0, "axis": "y", "origin": [9.3, 1.05, 2.75]},
			"faces": {
				"north": {"uv": [0, 0, 0.4, 0.4], "texture": "#1"},
				"east": {"uv": [0, 0, 0.4, 0.4], "texture": "#1"},
				"south": {"uv": [0, 0, 0.4, 0.4], "texture": "#1"},
				"west": {"uv": [0, 0, 0.4, 0.4], "texture": "#1"},
				"up": {"uv": [0, 0, 0.4, 0.4], "texture": "#1"},
				"down": {"uv": [0, 0, 0.4, 0.4], "texture": "#1"}
			}
		},
		{
			"name": "Key",
			"from": [9.2, 1, 4],
			"to": [9.6, 1.1, 4.4],
			"rotation": {"angle": 0, "axis": "y", "origin": [9, 1.05, 3.75]},
			"faces": {
				"north": {"uv": [0, 0, 0.4, 0.4], "texture": "#1"},
				"east": {"uv": [0, 0, 0.4, 0.4], "texture": "#1"},
				"south": {"uv": [0, 0, 0.4, 0.4], "texture": "#1"},
				"west": {"uv": [0, 0, 0.4, 0.4], "texture": "#1"},
				"up": {"uv": [0, 0, 0.4, 0.4], "texture": "#1"},
				"down": {"uv": [0, 0, 0.4, 0.4], "texture": "#1"}
			}
		},
		{
			"name": "Key",
			"from": [9.1, 1, 2.5],
			"to": [9.5, 1.1, 2.9],
			"rotation": {"angle": 0, "axis": "y", "origin": [8.9, 1.05, 2.25]},
			"faces": {
				"north": {"uv": [0, 0, 0.4, 0.4], "texture": "#1"},
				"east": {"uv": [0, 0, 0.4, 0.4], "texture": "#1"},
				"south": {"uv": [0, 0, 0.4, 0.4], "texture": "#1"},
				"west": {"uv": [0, 0, 0.4, 0.4], "texture": "#1"},
				"up": {"uv": [0, 0, 0.4, 0.4], "texture": "#1"},
				"down": {"uv": [0, 0, 0.4, 0.4], "texture": "#1"}
			}
		},
		{
			"name": "Key",
			"from": [9.1, 1, 3.5],
			"to": [9.5, 1.1, 3.9],
			"rotation": {"angle": 0, "axis": "y", "origin": [8.9, 1.05, 3.25]},
			"faces": {
				"north": {"uv": [0, 0, 0.4, 0.4], "texture": "#1"},
				"east": {"uv": [0, 0, 0.4, 0.4], "texture": "#1"},
				"south": {"uv": [0, 0, 0.4, 0.4], "texture": "#1"},
				"west": {"uv": [0, 0, 0.4, 0.4], "texture": "#1"},
				"up": {"uv": [0, 0, 0.4, 0.4], "texture": "#1"},
				"down": {"uv": [0, 0, 0.4, 0.4], "texture": "#1"}
			}
		},
		{
			"name": "Key",
			"from": [9, 1, 3],
			"to": [9.4, 1.1, 3.4],
			"rotation": {"angle": 0, "axis": "y", "origin": [8.8, 1.05, 2.75]},
			"faces": {
				"north": {"uv": [0, 0, 0.4, 0.4], "texture": "#1"},
				"east": {"uv": [0, 0, 0.4, 0.4], "texture": "#1"},
				"south": {"uv": [0, 0, 0.4, 0.4], "texture": "#1"},
				"west": {"uv": [0, 0, 0.4, 0.4], "texture": "#1"},
				"up": {"uv": [0, 0, 0.4, 0.4], "texture": "#1"},
				"down": {"uv": [0, 0, 0.4, 0.4], "texture": "#1"}
			}
		},
		{
			"name": "Key",
			"from": [8.7, 1, 4],
			"to": [9.1, 1.1, 4.4],
			"rotation": {"angle": 0, "axis": "y", "origin": [8.5, 1.05, 3.75]},
			"faces": {
				"north": {"uv": [0, 0, 0.4, 0.4], "texture": "#1"},
				"east": {"uv": [0, 0, 0.4, 0.4], "texture": "#1"},
				"south": {"uv": [0, 0, 0.4, 0.4], "texture": "#1"},
				"west": {"uv": [0, 0, 0.4, 0.4], "texture": "#1"},
				"up": {"uv": [0, 0, 0.4, 0.4], "texture": "#1"},
				"down": {"uv": [0, 0, 0.4, 0.4], "texture": "#1"}
			}
		},
		{
			"name": "Key",
			"from": [8.6, 1, 2.5],
			"to": [9, 1.1, 2.9],
			"rotation": {"angle": 0, "axis": "y", "origin": [8.4, 1.05, 2.25]},
			"faces": {
				"north": {"uv": [0, 0, 0.4, 0.4], "texture": "#1"},
				"east": {"uv": [0, 0, 0.4, 0.4], "texture": "#1"},
				"south": {"uv": [0, 0, 0.4, 0.4], "texture": "#1"},
				"west": {"uv": [0, 0, 0.4, 0.4], "texture": "#1"},
				"up": {"uv": [0, 0, 0.4, 0.4], "texture": "#1"},
				"down": {"uv": [0, 0, 0.4, 0.4], "texture": "#1"}
			}
		},
		{
			"name": "Key",
			"from": [8.4, 1, 2],
			"to": [9, 1.1, 2.4],
			"rotation": {"angle": 0, "axis": "y", "origin": [8.4, 1.05, 1.75]},
			"faces": {
				"north": {"uv": [0, 0, 0.4, 0.4], "texture": "#1"},
				"east": {"uv": [0, 0, 0.4, 0.4], "texture": "#1"},
				"south": {"uv": [0, 0, 0.4, 0.4], "texture": "#1"},
				"west": {"uv": [0, 0, 0.4, 0.4], "texture": "#1"},
				"up": {"uv": [0, 0, 0.4, 0.4], "texture": "#1"},
				"down": {"uv": [0, 0, 0.4, 0.4], "texture": "#1"}
			}
		},
		{
			"name": "Key",
			"from": [8.6, 1, 3.5],
			"to": [9, 1.1, 3.9],
			"rotation": {"angle": 0, "axis": "y", "origin": [8.4, 1.05, 3.25]},
			"faces": {
				"north": {"uv": [0, 0, 0.4, 0.4], "texture": "#1"},
				"east": {"uv": [0, 0, 0.4, 0.4], "texture": "#1"},
				"south": {"uv": [0, 0, 0.4, 0.4], "texture": "#1"},
				"west": {"uv": [0, 0, 0.4, 0.4], "texture": "#1"},
				"up": {"uv": [0, 0, 0.4, 0.4], "texture": "#1"},
				"down": {"uv": [0, 0, 0.4, 0.4], "texture": "#1"}
			}
		},
		{
			"name": "Key",
			"from": [8.5, 1, 3],
			"to": [8.9, 1.1, 3.4],
			"rotation": {"angle": 0, "axis": "y", "origin": [8.3, 1.05, 2.75]},
			"faces": {
				"north": {"uv": [0, 0, 0.4, 0.4], "texture": "#1"},
				"east": {"uv": [0, 0, 0.4, 0.4], "texture": "#1"},
				"south": {"uv": [0, 0, 0.4, 0.4], "texture": "#1"},
				"west": {"uv": [0, 0, 0.4, 0.4], "texture": "#1"},
				"up": {"uv": [0, 0, 0.4, 0.4], "texture": "#1"},
				"down": {"uv": [0, 0, 0.4, 0.4], "texture": "#1"}
			}
		},
		{
			"name": "Key",
			"from": [8.2, 1, 4],
			"to": [8.6, 1.1, 4.4],
			"rotation": {"angle": 0, "axis": "y", "origin": [8, 1.05, 3.75]},
			"faces": {
				"north": {"uv": [0, 0, 0.4, 0.4], "texture": "#1"},
				"east": {"uv": [0, 0, 0.4, 0.4], "texture": "#1"},
				"south": {"uv": [0, 0, 0.4, 0.4], "texture": "#1"},
				"west": {"uv": [0, 0, 0.4, 0.4], "texture": "#1"},
				"up": {"uv": [0, 0, 0.4, 0.4], "texture": "#1"},
				"down": {"uv": [0, 0, 0.4, 0.4], "texture": "#1"}
			}
		},
		{
			"name": "Key",
			"from": [8.1, 1, 2.5],
			"to": [8.5, 1.1, 2.9],
			"rotation": {"angle": 0, "axis": "y", "origin": [7.9, 1.05, 2.25]},
			"faces": {
				"north": {"uv": [0, 0, 0.4, 0.4], "texture": "#1"},
				"east": {"uv": [0, 0, 0.4, 0.4], "texture": "#1"},
				"south": {"uv": [0, 0, 0.4, 0.4], "texture": "#1"},
				"west": {"uv": [0, 0, 0.4, 0.4], "texture": "#1"},
				"up": {"uv": [0, 0, 0.4, 0.4], "texture": "#1"},
				"down": {"uv": [0, 0, 0.4, 0.4], "texture": "#1"}
			}
		},
		{
			"name": "Key",
			"from": [7.6, 1, 2],
			"to": [8.3, 1.1, 2.4],
			"rotation": {"angle": 0, "axis": "y", "origin": [7.9, 1.05, 1.75]},
			"faces": {
				"north": {"uv": [0, 0, 0.4, 0.4], "texture": "#1"},
				"east": {"uv": [0, 0, 0.4, 0.4], "texture": "#1"},
				"south": {"uv": [0, 0, 0.4, 0.4], "texture": "#1"},
				"west": {"uv": [0, 0, 0.4, 0.4], "texture": "#1"},
				"up": {"uv": [0, 0, 0.4, 0.4], "texture": "#1"},
				"down": {"uv": [0, 0, 0.4, 0.4], "texture": "#1"}
			}
		},
		{
			"name": "Key",
			"from": [8.1, 1, 3.5],
			"to": [8.5, 1.1, 3.9],
			"rotation": {"angle": 0, "axis": "y", "origin": [7.9, 1.05, 3.25]},
			"faces": {
				"north": {"uv": [0, 0, 0.4, 0.4], "texture": "#1"},
				"east": {"uv": [0, 0, 0.4, 0.4], "texture": "#1"},
				"south": {"uv": [0, 0, 0.4, 0.4], "texture": "#1"},
				"west": {"uv": [0, 0, 0.4, 0.4], "texture": "#1"},
				"up": {"uv": [0, 0, 0.4, 0.4], "texture": "#1"},
				"down": {"uv": [0, 0, 0.4, 0.4], "texture": "#1"}
			}
		},
		{
			"name": "Key",
			"from": [8, 1, 3],
			"to": [8.4, 1.1, 3.4],
			"rotation": {"angle": 0, "axis": "y", "origin": [7.8, 1.05, 2.75]},
			"faces": {
				"north": {"uv": [0, 0, 0.4, 0.4], "texture": "#1"},
				"east": {"uv": [0, 0, 0.4, 0.4], "texture": "#1"},
				"south": {"uv": [0, 0, 0.4, 0.4], "texture": "#1"},
				"west": {"uv": [0, 0, 0.4, 0.4], "texture": "#1"},
				"up": {"uv": [0, 0, 0.4, 0.4], "texture": "#1"},
				"down": {"uv": [0, 0, 0.4, 0.4], "texture": "#1"}
			}
		},
		{
			"name": "Key",
			"from": [7.7, 1, 4],
			"to": [8.1, 1.1, 4.4],
			"rotation": {"angle": 0, "axis": "y", "origin": [7.5, 1.05, 3.75]},
			"faces": {
				"north": {"uv": [0, 0, 0.4, 0.4], "texture": "#1"},
				"east": {"uv": [0, 0, 0.4, 0.4], "texture": "#1"},
				"south": {"uv": [0, 0, 0.4, 0.4], "texture": "#1"},
				"west": {"uv": [0, 0, 0.4, 0.4], "texture": "#1"},
				"up": {"uv": [0, 0, 0.4, 0.4], "texture": "#1"},
				"down": {"uv": [0, 0, 0.4, 0.4], "texture": "#1"}
			}
		},
		{
			"name": "Key",
			"from": [7.6, 1, 2.5],
			"to": [8, 1.1, 2.9],
			"rotation": {"angle": 0, "axis": "y", "origin": [7.4, 1.05, 2.25]},
			"faces": {
				"north": {"uv": [0, 0, 0.4, 0.4], "texture": "#1"},
				"east": {"uv": [0, 0, 0.4, 0.4], "texture": "#1"},
				"south": {"uv": [0, 0, 0.4, 0.4], "texture": "#1"},
				"west": {"uv": [0, 0, 0.4, 0.4], "texture": "#1"},
				"up": {"uv": [0, 0, 0.4, 0.4], "texture": "#1"},
				"down": {"uv": [0, 0, 0.4, 0.4], "texture": "#1"}
			}
		},
		{
			"name": "Key",
			"from": [7.6, 1, 3.5],
			"to": [8, 1.1, 3.9],
			"rotation": {"angle": 0, "axis": "y", "origin": [7.4, 1.05, 3.25]},
			"faces": {
				"north": {"uv": [0, 0, 0.4, 0.4], "texture": "#1"},
				"east": {"uv": [0, 0, 0.4, 0.4], "texture": "#1"},
				"south": {"uv": [0, 0, 0.4, 0.4], "texture": "#1"},
				"west": {"uv": [0, 0, 0.4, 0.4], "texture": "#1"},
				"up": {"uv": [0, 0, 0.4, 0.4], "texture": "#1"},
				"down": {"uv": [0, 0, 0.4, 0.4], "texture": "#1"}
			}
		},
		{
			"name": "Key",
			"from": [7.5, 1, 3],
			"to": [7.9, 1.1, 3.4],
			"rotation": {"angle": 0, "axis": "y", "origin": [7.3, 1.05, 2.75]},
			"faces": {
				"north": {"uv": [0, 0, 0.4, 0.4], "texture": "#1"},
				"east": {"uv": [0, 0, 0.4, 0.4], "texture": "#1"},
				"south": {"uv": [0, 0, 0.4, 0.4], "texture": "#1"},
				"west": {"uv": [0, 0, 0.4, 0.4], "texture": "#1"},
				"up": {"uv": [0, 0, 0.4, 0.4], "texture": "#1"},
				"down": {"uv": [0, 0, 0.4, 0.4], "texture": "#1"}
			}
		},
		{
			"name": "Key",
			"from": [6.8, 1, 4],
			"to": [7.55, 1.1, 4.4],
			"rotation": {"angle": 0, "axis": "y", "origin": [7, 1.05, 3.75]},
			"faces": {
				"north": {"uv": [0, 0, 0.4, 0.4], "texture": "#1"},
				"east": {"uv": [0, 0, 0.4, 0.4], "texture": "#1"},
				"south": {"uv": [0, 0, 0.4, 0.4], "texture": "#1"},
				"west": {"uv": [0, 0, 0.4, 0.4], "texture": "#1"},
				"up": {"uv": [0, 0, 0.4, 0.4], "texture": "#1"},
				"down": {"uv": [0, 0, 0.4, 0.4], "texture": "#1"}
			}
		},
		{
			"name": "Key",
			"from": [6.8, 1, 2.5],
			"to": [7.55, 1.1, 2.9],
			"rotation": {"angle": 0, "axis": "y", "origin": [7, 1.05, 2.25]},
			"faces": {
				"north": {"uv": [0, 0, 0.4, 0.4], "texture": "#1"},
				"east": {"uv": [0, 0, 0.4, 0.4], "texture": "#1"},
				"south": {"uv": [0, 0, 0.4, 0.4], "texture": "#1"},
				"west": {"uv": [0, 0, 0.4, 0.4], "texture": "#1"},
				"up": {"uv": [0, 0, 0.4, 0.4], "texture": "#1"},
				"down": {"uv": [0, 0, 0.4, 0.4], "texture": "#1"}
			}
		},
		{
			"name": "Key",
			"from": [6.8, 1, 2],
			"to": [7.55, 1.1, 2.4],
			"rotation": {"angle": 0, "axis": "y", "origin": [7, 1.05, 1.75]},
			"faces": {
				"north": {"uv": [0, 0, 0.4, 0.4], "texture": "#1"},
				"east": {"uv": [0, 0, 0.4, 0.4], "texture": "#1"},
				"south": {"uv": [0, 0, 0.4, 0.4], "texture": "#1"},
				"west": {"uv": [0, 0, 0.4, 0.4], "texture": "#1"},
				"up": {"uv": [0, 0, 0.4, 0.4], "texture": "#1"},
				"down": {"uv": [0, 0, 0.4, 0.4], "texture": "#1"}
			}
		},
		{
			"name": "Key",
			"from": [6.8, 1, 3.5],
			"to": [7.55, 1.1, 3.9],
			"rotation": {"angle": 0, "axis": "y", "origin": [7, 1.05, 3.25]},
			"faces": {
				"north": {"uv": [0, 0, 0.4, 0.4], "texture": "#1"},
				"east": {"uv": [0, 0, 0.4, 0.4], "texture": "#1"},
				"south": {"uv": [0, 0, 0.4, 0.4], "texture": "#1"},
				"west": {"uv": [0, 0, 0.4, 0.4], "texture": "#1"},
				"up": {"uv": [0, 0, 0.4, 0.4], "texture": "#1"},
				"down": {"uv": [0, 0, 0.4, 0.4], "texture": "#1"}
			}
		},
		{
			"name": "Key",
			"from": [6.8, 1, 3],
			"to": [7.35, 1.1, 3.5],
			"rotation": {"angle": 0, "axis": "y", "origin": [7, 1.05, 2.85]},
			"faces": {
				"north": {"uv": [0, 0, 0.4, 0.4], "texture": "#1"},
				"east": {"uv": [0, 0, 0.4, 0.4], "texture": "#1"},
				"south": {"uv": [0, 0, 0.4, 0.4], "texture": "#1"},
				"west": {"uv": [0, 0, 0.4, 0.4], "texture": "#1"},
				"up": {"uv": [0, 0, 0.4, 0.4], "texture": "#1"},
				"down": {"uv": [0, 0, 0.4, 0.4], "texture": "#1"}
			}
		},
		{
			"name": "Key",
			"from": [7.5, 1, 4.5],
			"to": [7.9, 1.1, 4.9],
			"rotation": {"angle": 0, "axis": "y", "origin": [7.55, 1.05, 4.25]},
			"faces": {
				"north": {"uv": [0, 0, 0.4, 0.4], "texture": "#1"},
				"east": {"uv": [0, 0, 0.4, 0.4], "texture": "#1"},
				"south": {"uv": [0, 0, 0.4, 0.4], "texture": "#1"},
				"west": {"uv": [0, 0, 0.4, 0.4], "texture": "#1"},
				"up": {"uv": [0, 0, 0.4, 0.4], "texture": "#1"},
				"down": {"uv": [0, 0, 0.4, 0.4], "texture": "#1"}
			}
		},
		{
			"name": "Key",
			"from": [10, 1, 4.5],
			"to": [10.4, 1.1, 4.9],
			"rotation": {"angle": 0, "axis": "y", "origin": [10.05, 1.05, 4.25]},
			"faces": {
				"north": {"uv": [0, 0, 0.4, 0.4], "texture": "#1"},
				"east": {"uv": [0, 0, 0.4, 0.4], "texture": "#1"},
				"south": {"uv": [0, 0, 0.4, 0.4], "texture": "#1"},
				"west": {"uv": [0, 0, 0.4, 0.4], "texture": "#1"},
				"up": {"uv": [0, 0, 0.4, 0.4], "texture": "#1"},
				"down": {"uv": [0, 0, 0.4, 0.4], "texture": "#1"}
			}
		},
		{
			"name": "Key",
			"from": [11.5, 1, 4.5],
			"to": [11.9, 1.1, 4.9],
			"rotation": {"angle": 0, "axis": "y", "origin": [11.55, 1.05, 4.25]},
			"faces": {
				"north": {"uv": [0, 0, 0.4, 0.4], "texture": "#1"},
				"east": {"uv": [0, 0, 0.4, 0.4], "texture": "#1"},
				"south": {"uv": [0, 0, 0.4, 0.4], "texture": "#1"},
				"west": {"uv": [0, 0, 0.4, 0.4], "texture": "#1"},
				"up": {"uv": [0, 0, 0.4, 0.4], "texture": "#1"},
				"down": {"uv": [0, 0, 0.4, 0.4], "texture": "#1"}
			}
		},
		{
			"name": "Key",
			"from": [9.5, 1, 4.5],
			"to": [9.9, 1.1, 4.9],
			"rotation": {"angle": 0, "axis": "y", "origin": [9.55, 1.05, 4.25]},
			"faces": {
				"north": {"uv": [0, 0, 0.4, 0.4], "texture": "#1"},
				"east": {"uv": [0, 0, 0.4, 0.4], "texture": "#1"},
				"south": {"uv": [0, 0, 0.4, 0.4], "texture": "#1"},
				"west": {"uv": [0, 0, 0.4, 0.4], "texture": "#1"},
				"up": {"uv": [0, 0, 0.4, 0.4], "texture": "#1"},
				"down": {"uv": [0, 0, 0.4, 0.4], "texture": "#1"}
			}
		},
		{
			"name": "Key",
			"from": [11, 1, 4.5],
			"to": [11.4, 1.1, 4.9],
			"rotation": {"angle": 0, "axis": "y", "origin": [11.05, 1.05, 4.25]},
			"faces": {
				"north": {"uv": [0, 0, 0.4, 0.4], "texture": "#1"},
				"east": {"uv": [0, 0, 0.4, 0.4], "texture": "#1"},
				"south": {"uv": [0, 0, 0.4, 0.4], "texture": "#1"},
				"west": {"uv": [0, 0, 0.4, 0.4], "texture": "#1"},
				"up": {"uv": [0, 0, 0.4, 0.4], "texture": "#1"},
				"down": {"uv": [0, 0, 0.4, 0.4], "texture": "#1"}
			}
		},
		{
			"name": "Key",
			"from": [5, 1, 4.5],
			"to": [5.4, 1.1, 4.9],
			"rotation": {"angle": 0, "axis": "y", "origin": [5.05, 1.05, 4.25]},
			"faces": {
				"north": {"uv": [0, 0, 0.4, 0.4], "texture": "#1"},
				"east": {"uv": [0, 0, 0.4, 0.4], "texture": "#1"},
				"south": {"uv": [0, 0, 0.4, 0.4], "texture": "#1"},
				"west": {"uv": [0, 0, 0.4, 0.4], "texture": "#1"},
				"up": {"uv": [0, 0, 0.4, 0.4], "texture": "#1"},
				"down": {"uv": [0, 0, 0.4, 0.4], "texture": "#1"}
			}
		},
		{
			"name": "Key",
			"from": [5, 1, 4],
			"to": [5.4, 1.1, 4.4],
			"rotation": {"angle": 0, "axis": "y", "origin": [5.05, 1.05, 3.75]},
			"faces": {
				"north": {"uv": [0, 0, 0.4, 0.4], "texture": "#1"},
				"east": {"uv": [0, 0, 0.4, 0.4], "texture": "#1"},
				"south": {"uv": [0, 0, 0.4, 0.4], "texture": "#1"},
				"west": {"uv": [0, 0, 0.4, 0.4], "texture": "#1"},
				"up": {"uv": [0, 0, 0.4, 0.4], "texture": "#1"},
				"down": {"uv": [0, 0, 0.4, 0.4], "texture": "#1"}
			}
		},
		{
			"name": "Key",
			"from": [5, 1, 3.5],
			"to": [5.4, 1.1, 3.9],
			"rotation": {"angle": 0, "axis": "y", "origin": [5.05, 1.05, 3.25]},
			"faces": {
				"north": {"uv": [0, 0, 0.4, 0.4], "texture": "#1"},
				"east": {"uv": [0, 0, 0.4, 0.4], "texture": "#1"},
				"south": {"uv": [0, 0, 0.4, 0.4], "texture": "#1"},
				"west": {"uv": [0, 0, 0.4, 0.4], "texture": "#1"},
				"up": {"uv": [0, 0, 0.4, 0.4], "texture": "#1"},
				"down": {"uv": [0, 0, 0.4, 0.4], "texture": "#1"}
			}
		},
		{
			"name": "Key",
			"from": [5, 1, 2],
			"to": [5.4, 1.1, 2.4],
			"rotation": {"angle": 0, "axis": "y", "origin": [5.05, 1.05, 1.75]},
			"faces": {
				"north": {"uv": [0, 0, 0.4, 0.4], "texture": "#1"},
				"east": {"uv": [0, 0, 0.4, 0.4], "texture": "#1"},
				"south": {"uv": [0, 0, 0.4, 0.4], "texture": "#1"},
				"west": {"uv": [0, 0, 0.4, 0.4], "texture": "#1"},
				"up": {"uv": [0, 0, 0.4, 0.4], "texture": "#1"},
				"down": {"uv": [0, 0, 0.4, 0.4], "texture": "#1"}
			}
		},
		{
			"name": "Key",
			"from": [6, 1, 4.5],
			"to": [6.4, 1.1, 4.9],
			"rotation": {"angle": 0, "axis": "y", "origin": [6.05, 1.05, 4.25]},
			"faces": {
				"north": {"uv": [0, 0, 0.4, 0.4], "texture": "#1"},
				"east": {"uv": [0, 0, 0.4, 0.4], "texture": "#1"},
				"south": {"uv": [0, 0, 0.4, 0.4], "texture": "#1"},
				"west": {"uv": [0, 0, 0.4, 0.4], "texture": "#1"},
				"up": {"uv": [0, 0, 0.4, 0.4], "texture": "#1"},
				"down": {"uv": [0, 0, 0.4, 0.4], "texture": "#1"}
			}
		},
		{
			"name": "Key",
			"from": [6, 1, 4],
			"to": [6.4, 1.1, 4.4],
			"rotation": {"angle": 0, "axis": "y", "origin": [6.05, 1.05, 3.75]},
			"faces": {
				"north": {"uv": [0, 0, 0.4, 0.4], "texture": "#1"},
				"east": {"uv": [0, 0, 0.4, 0.4], "texture": "#1"},
				"south": {"uv": [0, 0, 0.4, 0.4], "texture": "#1"},
				"west": {"uv": [0, 0, 0.4, 0.4], "texture": "#1"},
				"up": {"uv": [0, 0, 0.4, 0.4], "texture": "#1"},
				"down": {"uv": [0, 0, 0.4, 0.4], "texture": "#1"}
			}
		},
		{
			"name": "Key",
			"from": [6, 1, 3.5],
			"to": [6.4, 1.1, 3.9],
			"rotation": {"angle": 0, "axis": "y", "origin": [6.05, 1.05, 3.25]},
			"faces": {
				"north": {"uv": [0, 0, 0.4, 0.4], "texture": "#1"},
				"east": {"uv": [0, 0, 0.4, 0.4], "texture": "#1"},
				"south": {"uv": [0, 0, 0.4, 0.4], "texture": "#1"},
				"west": {"uv": [0, 0, 0.4, 0.4], "texture": "#1"},
				"up": {"uv": [0, 0, 0.4, 0.4], "texture": "#1"},
				"down": {"uv": [0, 0, 0.4, 0.4], "texture": "#1"}
			}
		},
		{
			"name": "Key",
			"from": [6, 1, 2],
			"to": [6.4, 1.1, 2.4],
			"rotation": {"angle": 0, "axis": "y", "origin": [6.05, 1.05, 1.75]},
			"faces": {
				"north": {"uv": [0, 0, 0.4, 0.4], "texture": "#1"},
				"east": {"uv": [0, 0, 0.4, 0.4], "texture": "#1"},
				"south": {"uv": [0, 0, 0.4, 0.4], "texture": "#1"},
				"west": {"uv": [0, 0, 0.4, 0.4], "texture": "#1"},
				"up": {"uv": [0, 0, 0.4, 0.4], "texture": "#1"},
				"down": {"uv": [0, 0, 0.4, 0.4], "texture": "#1"}
			}
		},
		{
			"name": "Key",
			"from": [5.5, 1, 4.5],
			"to": [5.9, 1.1, 4.9],
			"rotation": {"angle": 0, "axis": "y", "origin": [5.55, 1.05, 4.25]},
			"faces": {
				"north": {"uv": [0, 0, 0.4, 0.4], "texture": "#1"},
				"east": {"uv": [0, 0, 0.4, 0.4], "texture": "#1"},
				"south": {"uv": [0, 0, 0.4, 0.4], "texture": "#1"},
				"west": {"uv": [0, 0, 0.4, 0.4], "texture": "#1"},
				"up": {"uv": [0, 0, 0.4, 0.4], "texture": "#1"},
				"down": {"uv": [0, 0, 0.4, 0.4], "texture": "#1"}
			}
		},
		{
			"name": "Key",
			"from": [5.5, 1, 4],
			"to": [5.9, 1.1, 4.4],
			"rotation": {"angle": 0, "axis": "y", "origin": [5.55, 1.05, 3.75]},
			"faces": {
				"north": {"uv": [0, 0, 0.4, 0.4], "texture": "#1"},
				"east": {"uv": [0, 0, 0.4, 0.4], "texture": "#1"},
				"south": {"uv": [0, 0, 0.4, 0.4], "texture": "#1"},
				"west": {"uv": [0, 0, 0.4, 0.4], "texture": "#1"},
				"up": {"uv": [0, 0, 0.4, 0.4], "texture": "#1"},
				"down": {"uv": [0, 0, 0.4, 0.4], "texture": "#1"}
			}
		},
		{
			"name": "Key",
			"from": [5.5, 1, 3.5],
			"to": [5.9, 1.1, 3.9],
			"rotation": {"angle": 0, "axis": "y", "origin": [5.55, 1.05, 3.25]},
			"faces": {
				"north": {"uv": [0, 0, 0.4, 0.4], "texture": "#1"},
				"east": {"uv": [0, 0, 0.4, 0.4], "texture": "#1"},
				"south": {"uv": [0, 0, 0.4, 0.4], "texture": "#1"},
				"west": {"uv": [0, 0, 0.4, 0.4], "texture": "#1"},
				"up": {"uv": [0, 0, 0.4, 0.4], "texture": "#1"},
				"down": {"uv": [0, 0, 0.4, 0.4], "texture": "#1"}
			}
		},
		{
			"name": "Key",
			"from": [5.5, 1, 2],
			"to": [5.9, 1.1, 2.4],
			"rotation": {"angle": 0, "axis": "y", "origin": [5.55, 1.05, 1.75]},
			"faces": {
				"north": {"uv": [0, 0, 0.4, 0.4], "texture": "#1"},
				"east": {"uv": [0, 0, 0.4, 0.4], "texture": "#1"},
				"south": {"uv": [0, 0, 0.4, 0.4], "texture": "#1"},
				"west": {"uv": [0, 0, 0.4, 0.4], "texture": "#1"},
				"up": {"uv": [0, 0, 0.4, 0.4], "texture": "#1"},
				"down": {"uv": [0, 0, 0.4, 0.4], "texture": "#1"}
			}
		},
		{
			"name": "Key",
			"from": [5.5, 1, 2.5],
			"to": [5.9, 1.1, 2.9],
			"rotation": {"angle": 0, "axis": "y", "origin": [5.55, 1.05, 2.25]},
			"faces": {
				"north": {"uv": [0, 0, 0.4, 0.4], "texture": "#1"},
				"east": {"uv": [0, 0, 0.4, 0.4], "texture": "#1"},
				"south": {"uv": [0, 0, 0.4, 0.4], "texture": "#1"},
				"west": {"uv": [0, 0, 0.4, 0.4], "texture": "#1"},
				"up": {"uv": [0, 0, 0.4, 0.4], "texture": "#1"},
				"down": {"uv": [0, 0, 0.4, 0.4], "texture": "#1"}
			}
		},
		{
			"name": "Key",
			"from": [9, 1, 4.5],
			"to": [9.4, 1.1, 4.9],
			"rotation": {"angle": 0, "axis": "y", "origin": [9.05, 1.05, 4.25]},
			"faces": {
				"north": {"uv": [0, 0, 0.4, 0.4], "texture": "#1"},
				"east": {"uv": [0, 0, 0.4, 0.4], "texture": "#1"},
				"south": {"uv": [0, 0, 0.4, 0.4], "texture": "#1"},
				"west": {"uv": [0, 0, 0.4, 0.4], "texture": "#1"},
				"up": {"uv": [0, 0, 0.4, 0.4], "texture": "#1"},
				"down": {"uv": [0, 0, 0.4, 0.4], "texture": "#1"}
			}
		},
		{
			"name": "Key",
			"from": [10.5, 1, 4.5],
			"to": [10.9, 1.1, 4.9],
			"rotation": {"angle": 0, "axis": "y", "origin": [10.55, 1.05, 4.25]},
			"faces": {
				"north": {"uv": [0, 0, 0.4, 0.4], "texture": "#1"},
				"east": {"uv": [0, 0, 0.4, 0.4], "texture": "#1"},
				"south": {"uv": [0, 0, 0.4, 0.4], "texture": "#1"},
				"west": {"uv": [0, 0, 0.4, 0.4], "texture": "#1"},
				"up": {"uv": [0, 0, 0.4, 0.4], "texture": "#1"},
				"down": {"uv": [0, 0, 0.4, 0.4], "texture": "#1"}
			}
		},
		{
			"name": "RIGHT",
			"from": [2, 0, 4],
			"to": [2.9, 0.7, 5],
			"faces": {
				"north": {"uv": [0, 0, 0.4, 0.7], "texture": "#0"},
				"east": {"uv": [0, 0, 1, 0.7], "texture": "#0"},
				"south": {"uv": [0, 0, 0.4, 0.7], "texture": "#0"},
				"west": {"uv": [0, 0, 1, 0.7], "texture": "#0"},
				"up": {"uv": [7.5, 7.5, 7.5, 7.5], "texture": "#0"},
				"down": {"uv": [0, 0, 0.4, 1], "texture": "#0"}
			}
		},
		{
			"name": "LEFT",
			"from": [2.9, 0, 4],
			"to": [3.4, 0.7, 5],
			"rotation": {"angle": 0, "axis": "y", "origin": [3.2, 0.35, 3]},
			"faces": {
				"north": {"uv": [0, 0, 0.4, 0.7], "texture": "#0"},
				"east": {"uv": [0, 0, 1, 0.7], "texture": "#0"},
				"south": {"uv": [0, 0, 0.4, 0.7], "texture": "#0"},
				"west": {"uv": [0, 0, 1, 0.7], "texture": "#0"},
				"up": {"uv": [7.5, 7.5, 7.5, 7.5], "texture": "#0"},
				"down": {"uv": [0, 0, 0.4, 1], "texture": "#0"}
			}
		},
		{
			"name": "BODY",
			"from": [2, 0, 2],
			"to": [3.4, 0.7, 4],
			"faces": {
				"north": {"uv": [0, 0, 1.4, 0.7], "texture": "#5"},
				"east": {"uv": [0, 0, 2, 0.7], "texture": "#5"},
				"south": {"uv": [0, 0, 1.4, 0.7], "texture": "#5"},
				"west": {"uv": [0, 0, 2, 0.7], "texture": "#5"},
				"up": {"uv": [0.696, 0, 15.313, 16], "rotation": 180, "texture": "#5", "cullface": "up"},
				"down": {"uv": [0, 0, 1.4, 2], "texture": "#5"}
			}
		},
		{
			"name": "scrollwheel",
			"from": [2.5, 0, 4],
			"to": [2.9, 0.8, 4.9],
			"rotation": {"angle": 0, "axis": "y", "origin": [2.6, 0.4, 4.5]},
			"faces": {
				"north": {"uv": [0, 0, 0.4, 0.8], "texture": "#1"},
				"east": {"uv": [0, 0, 0.4, 0.8], "texture": "#1"},
				"south": {"uv": [0, 0, 0.4, 0.8], "texture": "#1"},
				"west": {"uv": [0, 0, 0.4, 0.8], "texture": "#1"},
				"up": {"uv": [0, 0, 0.4, 0.8], "texture": "#1"},
				"down": {"uv": [0, 0, 0.4, 0.8], "texture": "#1"}
			}
		},
		{
			"name": "seat",
			"from": [5, 0, 8],
			"to": [11, 1, 11],
			"rotation": {"angle": 0, "axis": "y", "origin": [21, 8, 16]},
			"faces": {
				"north": {"uv": [1.5, 5, 13.5, 6], "texture": "#0"},
				"east": {"uv": [5, 4, 10, 5], "texture": "#0"},
				"south": {"uv": [1.5, 5, 13.5, 6], "texture": "#0"},
				"west": {"uv": [1.5, 5, 6.5, 6], "texture": "#0"},
				"up": {"uv": [1.5, 5, 13.5, 10], "texture": "#0"},
				"down": {"uv": [1.5, 5, 13.5, 10], "texture": "#0"}
			}
		},
		{
			"from": [7, 0, 9.2],
			"to": [9, 9, 10.2],
			"rotation": {"angle": 0, "axis": "y", "origin": [8, 8, 8.2]},
			"faces": {
				"north": {"uv": [0, 0, 0.5, 0.5], "texture": "#2"},
				"east": {"uv": [0, 0, 0.5, 0.5], "texture": "#2"},
				"south": {"uv": [0, 0, 0.5, 0.5], "texture": "#2"},
				"west": {"uv": [0, 0, 0.5, 0.5], "texture": "#2"},
				"up": {"uv": [0, 0, 0.5, 0.5], "texture": "#2"},
				"down": {"uv": [0, 0, 0.5, 0.5], "texture": "#2"}
			}
		},
		{
			"name": "SCHERM",
			"from": [2, 4, 8],
			"to": [14, 10, 9],
			"rotation": {"angle": 0, "axis": "y", "origin": [8, 6.5, 8.5]},
			"faces": {
				"north": {"uv": [0, 0, 16, 16], "texture": "#6"},
				"east": {"uv": [0, 0, 16, 16], "texture": "#missing"},
				"south": {"uv": [0, 0, 16, 16], "texture": "#missing"},
				"west": {"uv": [0, 0, 16, 16], "texture": "#missing"},
				"up": {"uv": [0, 0, 16, 16], "texture": "#missing"},
				"down": {"uv": [0, 0, 16, 16], "texture": "#missing"}
			}
		},
		{
			"from": [1, 10, 8],
			"to": [15, 11, 9],
			"rotation": {"angle": 0, "axis": "y", "origin": [12, 19, 16]},
			"faces": {
				"north": {"uv": [2, 1.5, 3.5, 3], "texture": "#0"},
				"east": {"uv": [2, 1.5, 3.5, 3], "texture": "#0"},
				"south": {"uv": [2, 1.5, 3.5, 3], "texture": "#0"},
				"west": {"uv": [2, 1.5, 3.5, 3], "texture": "#0"},
				"up": {"uv": [2, 1.5, 3.5, 3], "texture": "#0"},
				"down": {"uv": [2, 1.5, 3.5, 3], "texture": "#0"}
			}
		},
		{
			"from": [1, 4, 8],
			"to": [2, 10, 9],
			"rotation": {"angle": 0, "axis": "y", "origin": [9, 12, 16]},
			"faces": {
				"north": {"uv": [2, 1.5, 3.5, 3], "texture": "#0"},
				"east": {"uv": [2, 1.5, 3.5, 3], "texture": "#0"},
				"south": {"uv": [2, 1.5, 3.5, 3], "texture": "#0"},
				"west": {"uv": [2, 1.5, 3.5, 3], "texture": "#0"},
				"up": {"uv": [2, 1.5, 3.5, 3], "texture": "#0"},
				"down": {"uv": [2, 1.5, 3.5, 3], "texture": "#0"}
			}
		},
		{
			"from": [1, 3, 8],
			"to": [15, 4, 9],
			"rotation": {"angle": 0, "axis": "y", "origin": [12, 13, 16]},
			"faces": {
				"north": {"uv": [2, 1.5, 3.5, 3], "texture": "#0"},
				"east": {"uv": [2, 1.5, 3.5, 3], "texture": "#0"},
				"south": {"uv": [2, 1.5, 3.5, 3], "texture": "#0"},
				"west": {"uv": [2, 1.5, 3.5, 3], "texture": "#0"},
				"up": {"uv": [2, 1.5, 3.5, 3], "texture": "#0"},
				"down": {"uv": [2, 1.5, 3.5, 3], "texture": "#0"}
			}
		},
		{
			"from": [14, 4, 8],
			"to": [15, 10, 9],
			"rotation": {"angle": 0, "axis": "y", "origin": [22, 12, 16]},
			"faces": {
				"north": {"uv": [2, 1.5, 3.5, 3], "texture": "#0"},
				"east": {"uv": [2, 1.5, 3.5, 3], "texture": "#0"},
				"south": {"uv": [2, 1.5, 3.5, 3], "texture": "#0"},
				"west": {"uv": [2, 1.5, 3.5, 3], "texture": "#0"},
				"up": {"uv": [2, 1.5, 3.5, 3], "texture": "#0"},
				"down": {"uv": [2, 1.5, 3.5, 3], "texture": "#0"}
			}
		},
		{
			"from": [2, 4, 9],
			"to": [14, 10, 9.1],
			"rotation": {"angle": 0, "axis": "y", "origin": [4.5, 0.5, 9.5]},
			"faces": {
				"north": {"uv": [6, 5.5, 11, 9.5], "texture": "#0"},
				"east": {"uv": [6, 5.5, 11, 9.5], "texture": "#0"},
				"south": {"uv": [6, 5.5, 11, 9.5], "texture": "#0"},
				"west": {"uv": [6, 5.5, 11, 9.5], "texture": "#0"},
				"up": {"uv": [6, 5.5, 11, 9.5], "texture": "#0"},
				"down": {"uv": [6, 5.5, 11, 9.5], "texture": "#0"}
			}
		}
	],
	"groups": [
		{
			"name": "Keyboard",
			"origin": [8, 8, 10],
			"children": [0, 1, 2, 3, 4, 5, 6, 7, 8, 9, 10, 11, 12, 13, 14, 15, 16, 17, 18, 19, 20, 21, 22, 23, 24, 25, 26, 27, 28, 29, 30, 31, 32, 33, 34, 35, 36, 37, 38, 39, 40, 41, 42, 43, 44, 45, 46, 47, 48, 49, 50, 51, 52, 53, 54, 55, 56, 57, 58, 59, 60, 61, 62, 63, 64, 65, 66, 67, 68, 69, 70, 71, 72, 73, 74, 75, 76, 77, 78, 79, 80, 81, 82, 83, 84, 85, 86, 87, 88, 89, 90]
		},
		{
			"name": "Mouse",
			"origin": [8, 8, 8],
			"children": [91, 92, 93, 94]
		},
		{
			"name": "PC",
			"origin": [21, 8, 16],
			"children": [95, 96, 97,
				{
					"name": "KANDEN",
					"origin": [22, 12, 16],
					"children": [98, 99, 100, 101, 102]
				}
			]
		}
	]
}