{
	"credit": "Made with Blockbench",
	"textures": {
		"3": "blocks/wool_colored_black",
		"particle": "blocks/coal_block"
	},
	"elements": [
		{
			"from": [0, 0, 0],
			"to": [16, 7, 16],
			"faces": {
				"north": {"uv": [0, 3.5, 16, 10.5], "texture": "#3"},
				"east": {"uv": [1.5, 2.5, 14, 8.5], "texture": "#3"},
				"south": {"uv": [0, 4.5, 16, 11.5], "texture": "#3"},
				"west": {"uv": [0, 3, 16, 10], "texture": "#3"},
				"up": {"uv": [3.5, 2.5, 6.5, 4.5], "texture": "#3"},
				"down": {"uv": [3.5, 2.5, 6.5, 4.5], "texture": "#3"}
			}
		},
		{
			"from": [2, 4, 2],
			"to": [14, 8, 14],
			"rotation": {"angle": 0, "axis": "y", "origin": [8, 5, 8]},
			"faces": {
				"north": {"uv": [3.5, 2.5, 15.5, 6.5], "texture": "#3"},
				"east": {"uv": [3.5, 2.5, 6.5, 4.5], "texture": "#3"},
				"south": {"uv": [3.5, 2.5, 6.5, 4.5], "texture": "#3"},
				"west": {"uv": [3.5, 2.5, 6.5, 4.5], "texture": "#3"},
				"up": {"uv": [3.5, 2.5, 6.5, 4.5], "texture": "#3"},
				"down": {"uv": [3.5, 2.5, 6.5, 4.5], "texture": "#3"}
			}
		},
		{
			"from": [4, 7, 4],
			"to": [12, 9, 12],
			"rotation": {"angle": 0, "axis": "y", "origin": [8, 4, 8]},
			"faces": {
				"north": {"uv": [3.5, 2.5, 11.5, 4.5], "texture": "#3"},
				"east": {"uv": [3.5, 2.5, 6.5, 4.5], "texture": "#3"},
				"south": {"uv": [3.5, 2.5, 6.5, 4.5], "texture": "#3"},
				"west": {"uv": [3.5, 2.5, 6.5, 4.5], "texture": "#3"},
				"up": {"uv": [3.5, 2.5, 6.5, 4.5], "texture": "#3"},
				"down": {"uv": [3.5, 2.5, 6.5, 4.5], "texture": "#3"}
			}
		},
		{
			"from": [0, -5, 0],
			"to": [3, 0, 1],
			"rotation": {"angle": 0, "axis": "y", "origin": [8, 7, 8]},
			"faces": {
				"north": {"uv": [0.5, 0, 3.5, 5], "texture": "#3"},
				"east": {"uv": [0, 0, 1, 6], "texture": "#3"},
				"south": {"uv": [0, 0, 1, 6], "texture": "#3"},
				"west": {"uv": [0, 0, 1, 6], "texture": "#3"},
				"up": {"uv": [0, 0, 1, 1], "texture": "#3"},
				"down": {"uv": [0, 0, 1, 1], "texture": "#3"}
			}
		},
		{
			"from": [6, -8, 0],
			"to": [10, 0, 1],
			"rotation": {"angle": 0, "axis": "y", "origin": [8, 7, 8]},
			"faces": {
				"north": {"uv": [0, 0, 4, 7], "texture": "#3"},
				"east": {"uv": [0, 0, 1, 8], "texture": "#3"},
				"south": {"uv": [0, 0, 8, 8], "texture": "#3"},
				"west": {"uv": [0, 0, 1, 8], "texture": "#3"},
				"up": {"uv": [0, 0, 8, 1], "texture": "#3"},
				"down": {"uv": [0, 0, 8, 1], "texture": "#3"}
			}
		},
		{
			"from": [13, -5, 0],
			"to": [16, 0, 1],
			"rotation": {"angle": 0, "axis": "y", "origin": [8, 7, 8]},
			"faces": {
				"north": {"uv": [0.5, 0, 3.5, 5], "texture": "#3"},
				"east": {"uv": [0, 0, 1, 6], "texture": "#3"},
				"south": {"uv": [0, 0, 1, 6], "texture": "#3"},
				"west": {"uv": [0, 0, 1, 6], "texture": "#3"},
				"up": {"uv": [0, 0, 1, 1], "texture": "#3"},
				"down": {"uv": [0, 0, 1, 1], "texture": "#3"}
			}
		},
		{
			"from": [10, -8, 0],
			"to": [16, -5, 1],
			"faces": {
				"north": {"uv": [0, 0, 6, 2], "texture": "#3"},
				"east": {"uv": [0, 0, 1, 1], "texture": "#3"},
				"south": {"uv": [0, 0, 16, 1], "texture": "#3"},
				"west": {"uv": [0, 0, 1, 1], "texture": "#3"},
				"up": {"uv": [0, 0, 16, 1], "texture": "#3"},
				"down": {"uv": [0, 0, 16, 1], "texture": "#3"}
			}
		},
		{
			"from": [0, -8, 0],
			"to": [6, -5, 1],
			"faces": {
				"north": {"uv": [0, 0, 6, 2], "texture": "#3"},
				"east": {"uv": [0, 0, 1, 1], "texture": "#3"},
				"south": {"uv": [0, 0, 16, 1], "texture": "#3"},
				"west": {"uv": [0, 0, 1, 1], "texture": "#3"},
				"up": {"uv": [0, 0, 16, 1], "texture": "#3"},
				"down": {"uv": [0, 0, 16, 1], "texture": "#3"}
			}
		},
		{
			"from": [0, -8, 1],
			"to": [1, 0, 16],
			"faces": {
				"north": {"uv": [0, 0, 1, 8], "texture": "#3"},
				"east": {"uv": [0, 0, 15, 8], "texture": "#3"},
				"south": {"uv": [0, 0, 1, 8], "texture": "#3"},
				"west": {"uv": [0, 0, 15, 8], "texture": "#3"},
				"up": {"uv": [0, 0, 1, 15], "texture": "#3"},
				"down": {"uv": [0, 0, 1, 15], "texture": "#3"}
			}
		},
		{
			"from": [15, -8, 1],
			"to": [16, 0, 16],
			"rotation": {"angle": 0, "axis": "y", "origin": [23, 8, 8]},
			"faces": {
				"north": {"uv": [0, 0, 1, 8], "texture": "#3"},
				"east": {"uv": [0, 0, 15, 8], "texture": "#3"},
				"south": {"uv": [0, 0, 1, 8], "texture": "#3"},
				"west": {"uv": [0, 0, 15, 8], "texture": "#3"},
				"up": {"uv": [0, 0, 1, 15], "texture": "#3"},
				"down": {"uv": [0, 0, 1, 15], "texture": "#3"}
			}
		},
		{
			"from": [1, -8, 15],
			"to": [15, 0, 16],
			"rotation": {"angle": 0, "axis": "y", "origin": [9, 0, 23]},
			"faces": {
				"north": {"uv": [0, 0, 1, 8], "texture": "#3"},
				"east": {"uv": [0.5, 1, 14.5, 9.5], "texture": "#3"},
				"south": {"uv": [0, 0, 10, 8.5], "texture": "#3"},
				"west": {"uv": [0, 0, 1, 8], "texture": "#3"},
				"up": {"uv": [0, 0, 1, 8], "texture": "#3"},
				"down": {"uv": [0, 0, 1, 8], "texture": "#3"}
			}
		}
	],
	"display": {
		"thirdperson_righthand": {
			"translation": [0.75, 5, 0],
			"scale": [0.31, 0.31, 0.31]
		},
		"ground": {
			"translation": [0, 12, 0]
		},
		"gui": {
			"rotation": [0, -180, 0],
			"translation": [0, 7, 0],
			"scale": [0.92, 0.92, 0.92]
		},
		"head": {
			"translation": [0, 8, 0]
		},
		"fixed": {
			"translation": [0, 8.25, 0]
		}
	},
	"groups": [
		{
			"name": "BIVAK",
			"origin": [8, 8, 8],
			"children": [0, 1, 2, 3, 4, 5, 6, 7, 8, 9]
		}, 10]
}