{
	"credit": "Made with Blockbench",
	"textures": {
		"3": "blocks/custom_glass",
		"particle": "blocks/concrete_white"
	},
	"elements": [
		{
			"from": [0, 0, 0],
			"to": [0, 16, 16],
			"rotation": {"angle": 0, "axis": "y", "origin": [15, 8, 8]},
			"faces": {
				"north": {"uv": [0, 0, 0, 16], "texture": "#3"},
				"south": {"uv": [0, 0, 0, 16], "texture": "#3"},
				"west": {"uv": [0, 0, 16, 16], "texture": "#3"},
				"up": {"uv": [0, 0, 0, 16], "texture": "#3"},
				"down": {"uv": [0, 0, 0, 16], "texture": "#3"}
			}
		}
	],
	"display": {
		"thirdperson_righthand": {
			"rotation": [-180, 90, 0],
			"translation": [0, 2, 3],
			"scale": [0.375, 0.375, 0.375]
		},
		"thirdperson_lefthand": {
			"rotation": [75, 45, 0],
			"translation": [0, 2.5, 0],
			"scale": [0.375, 0.375, 0.375]
		},
		"firstperson_righthand": {
			"rotation": [0, 45, 0],
			"scale": [0.4, 0.4, 0.4]
		},
		"firstperson_lefthand": {
			"rotation": [0, 225, 0],
			"scale": [0.4, 0.4, 0.4]
		},
		"ground": {
			"translation": [0, 2.5, 0]
		},
		"gui": {
			"rotation": [0, 90, 0],
			"translation": [-0.25, 0, 0],
			"scale": [0.77, 0.91, 0.91]
		},
		"head": {
			"rotation": [0, -180, 0]
		},
		"fixed": {
			"rotation": [0, -90, 0],
			"scale": [0.5, 0.5, 0.5]
		}
	},
	"groups": [
		{
			"name": "body",
			"origin": [8, 8, 8],
			"children": []
		}, 0]
}