{
	"credit": "Made with Blockbench",
	"textures": {
		"4": "blocks/side",
		"5": "blocks/2",
		"6": "blocks/3",
		"7": "blocks/4",
		"8": "blocks/5",
		"9": "blocks/6",
		"10": "blocks/7",
		"11": "block/8",
		"12": "block/9",
		"13": "block/0",
		"14": "block/black",
		"16": "block/1",
		"20": "blocks/stone_slab_top",
		"22": "blocks/coal_block",
		"23": "blocks/lava_flow",
		"particle": "blocks/dispenser_front_horizontal"
	},
	"elements": [
		{
			"from": [7, 0.5, -0.2],
			"to": [9, 2.5, 0.8],
			"rotation": {"angle": 0, "axis": "x", "origin": [16, -8, 7]},
			"faces": {
				"north": {"uv": [0, 0, 15.999, 16], "texture": "#4"},
				"east": {"uv": [0, 0, 0, 0], "rotation": 270, "texture": "#4"},
				"south": {"uv": [0, 0, 0, 0], "texture": "#4"},
				"west": {"uv": [0, 0, 0, 0], "rotation": 90, "texture": "#4"},
				"up": {"uv": [0, 0, 0, 0], "rotation": 180, "texture": "#4"},
				"down": {"uv": [0, 0, 0, 0], "texture": "#4"}
			}
		},
		{
			"from": [0, 0, 15],
			"to": [16, 16, 16],
			"rotation": {"angle": 0, "axis": "y", "origin": [8, 8, 23]},
			"faces": {
				"north": {"uv": [0, 0, 16, 16], "texture": "#20"},
				"east": {"uv": [0, 0, 1, 16], "texture": "#20"},
				"south": {"uv": [0, 0, 16, 16], "texture": "#20"},
				"west": {"uv": [0, 0, 1, 16], "texture": "#20"},
				"up": {"uv": [0, 0, 16, 1], "texture": "#20"},
				"down": {"uv": [0, 0, 16, 1], "texture": "#20"}
			}
		},
		{
			"from": [0, 15, 0],
			"to": [16, 16, 15],
			"faces": {
				"north": {"uv": [0, 0, 16, 1], "texture": "#20"},
				"east": {"uv": [1.5, 15, 16, 16], "texture": "#20"},
				"south": {"uv": [0, 0, 16, 16], "texture": "#20"},
				"west": {"uv": [0, 0, 16, 1], "texture": "#20"},
				"up": {"uv": [0, 0, 16, 15], "texture": "#20"},
				"down": {"uv": [0, 0, 16, 16], "texture": "#20"}
			}
		},
		{
			"from": [0, 0, 0],
			"to": [1, 15, 15],
			"rotation": {"angle": 0, "axis": "y", "origin": [8, 8, 23]},
			"faces": {
				"north": {"uv": [0, 1, 1, 16], "texture": "#20"},
				"east": {"uv": [0, 0, 16, 16], "texture": "#20"},
				"south": {"uv": [0, 0, 16, 16], "texture": "#20"},
				"west": {"uv": [0, 1, 15, 16], "texture": "#20"},
				"up": {"uv": [0, 0, 16, 16], "texture": "#20"},
				"down": {"uv": [0, 0, 16, 16], "texture": "#20"}
			}
		},
		{
			"from": [1, 0.29838, 6.08468],
			"to": [15, 16.29838, 7.08468],
			"rotation": {"angle": 22.5, "axis": "x", "origin": [8, 8.29838, 6.58468]},
			"faces": {
				"north": {"uv": [0, 0, 14, 16], "rotation": 180, "texture": "#22"},
				"east": {"uv": [0, 0, 16, 1], "rotation": 90, "texture": "#22"},
				"south": {"uv": [0, 0, 14, 16], "texture": "#22"},
				"west": {"uv": [0, 0, 16, 1], "rotation": 270, "texture": "#22"},
				"up": {"uv": [0, 0, 14, 1], "texture": "#22"},
				"down": {"uv": [0, 0, 14, 1], "rotation": 180, "texture": "#22"}
			}
		},
		{
			"from": [15, 0, 0],
			"to": [16, 15, 15],
			"faces": {
				"north": {"uv": [0, 0, 1, 16], "texture": "#20"},
				"east": {"uv": [1, 1, 16, 16], "texture": "#20"},
				"south": {"uv": [0, 0, 16, 16], "texture": "#20"},
				"west": {"uv": [0, 0, 16, 16], "texture": "#20"},
				"up": {"uv": [0, 0, 16, 16], "texture": "#20"},
				"down": {"uv": [0, 0, 16, 16], "texture": "#20"}
			}
		},
		{
			"from": [1, 0, 0],
			"to": [15, 3, 15],
			"rotation": {"angle": 0, "axis": "y", "origin": [8, -7, 8]},
			"faces": {
				"north": {"uv": [1, 0, 15, 16], "texture": "#20"},
				"east": {"uv": [0, 0, 16, 16], "texture": "#20"},
				"south": {"uv": [0, 0, 16, 16], "texture": "#20"},
				"west": {"uv": [0, 0, 16, 16], "texture": "#20"},
				"up": {"uv": [0.5, 0.5, 15.5, 15.5], "texture": "#20"},
				"down": {"uv": [15, 15.5, 15.5, 16], "texture": "#20"}
			}
		},
		{
			"from": [2, 4, 4],
			"to": [2.5, 4.5, 5],
			"rotation": {"angle": 0, "axis": "y", "origin": [2.5, 4.5, 4.5]},
			"faces": {
				"north": {"uv": [0, 0, 0.5, 0.5], "texture": "#23"},
				"east": {"uv": [0, 0, 1, 0.5], "texture": "#23"},
				"south": {"uv": [0, 0, 0.5, 0.5], "texture": "#23"},
				"west": {"uv": [0, 0, 1, 0.5], "texture": "#23"},
				"up": {"uv": [0, 0, 0.5, 1], "texture": "#23"},
				"down": {"uv": [0, 0, 0.5, 1], "texture": "#23"}
			}
		},
		{
			"from": [3, 2.1, 3.1],
			"to": [3.5, 3.1, 3.6],
			"rotation": {"angle": 0, "axis": "y", "origin": [11, 11, 12]},
			"faces": {
				"north": {"uv": [0, 0, 1, 1], "rotation": 180, "texture": "#6"},
				"east": {"uv": [0, 0, 1, 1], "rotation": 180, "texture": "#6"},
				"south": {"uv": [0, 0, 1, 1], "rotation": 180, "texture": "#6"},
				"west": {"uv": [0, 0, 1, 1], "rotation": 180, "texture": "#6"},
				"up": {"uv": [0, 0, 16, 16], "rotation": 180, "texture": "#6"},
				"down": {"uv": [0, 0, 1, 1], "rotation": 180, "texture": "#6"}
			}
		},
		{
			"from": [3.7, 2.1, 3.1],
			"to": [4.2, 3.1, 3.6],
			"rotation": {"angle": 0, "axis": "y", "origin": [12, 11, 11]},
			"faces": {
				"north": {"uv": [0, 0, 1, 1], "rotation": 180, "texture": "#5"},
				"east": {"uv": [0, 0, 1, 1], "rotation": 180, "texture": "#5"},
				"south": {"uv": [0, 0, 1, 1], "rotation": 180, "texture": "#5"},
				"west": {"uv": [0, 0, 1, 1], "rotation": 180, "texture": "#5"},
				"up": {"uv": [0, 0, 15, 15], "rotation": 180, "texture": "#5"},
				"down": {"uv": [0, 0, 1, 1], "rotation": 180, "texture": "#5"}
			}
		},
		{
			"from": [4.4, 2.1, 3.1],
			"to": [4.9, 3.1, 3.6],
			"rotation": {"angle": 0, "axis": "y", "origin": [13, 11, 11]},
			"faces": {
				"north": {"uv": [0, 0, 1, 1], "rotation": 180, "texture": "#16"},
				"east": {"uv": [0, 0, 1, 1], "rotation": 180, "texture": "#16"},
				"south": {"uv": [0, 0, 1, 1], "rotation": 180, "texture": "#16"},
				"west": {"uv": [0, 0, 1, 1], "rotation": 180, "texture": "#16"},
				"up": {"uv": [0, 0, 15, 15], "rotation": 180, "texture": "#16"},
				"down": {"uv": [0, 0, 1, 1], "rotation": 180, "texture": "#16"}
			}
		},
		{
			"from": [3, 2.1, 2.4],
			"to": [3.5, 3.1, 2.9],
			"rotation": {"angle": 0, "axis": "y", "origin": [11, 11, 11]},
			"faces": {
				"north": {"uv": [0, 0, 16, 16], "rotation": 180, "texture": "#9"},
				"east": {"uv": [0, 0, 16, 16], "rotation": 180, "texture": "#9"},
				"south": {"uv": [0, 0, 16, 16], "rotation": 180, "texture": "#9"},
				"west": {"uv": [0, 0, 16, 16], "rotation": 180, "texture": "#9"},
				"up": {"uv": [0, 0, 16, 16], "rotation": 180, "texture": "#9"},
				"down": {"uv": [0, 0, 16, 16], "rotation": 180, "texture": "#9"}
			}
		},
		{
			"from": [3, 2.1, 1.7],
			"to": [3.5, 3.1, 2.2],
			"rotation": {"angle": 0, "axis": "y", "origin": [11, 11, 10]},
			"faces": {
				"north": {"uv": [0, 0, 16, 16], "rotation": 180, "texture": "#12"},
				"east": {"uv": [0, 0, 16, 16], "rotation": 180, "texture": "#12"},
				"south": {"uv": [0, 0, 16, 16], "rotation": 180, "texture": "#12"},
				"west": {"uv": [0, 0, 16, 16], "rotation": 180, "texture": "#12"},
				"up": {"uv": [0, 0, 16, 16], "rotation": 180, "texture": "#12"},
				"down": {"uv": [0, 0, 16, 16], "rotation": 180, "texture": "#12"}
			}
		},
		{
			"from": [3.7, 2.1, 2.4],
			"to": [4.2, 3.1, 2.9],
			"rotation": {"angle": 0, "axis": "y", "origin": [12, 11, 10]},
			"faces": {
				"north": {"uv": [0, 0, 16, 16], "rotation": 180, "texture": "#8"},
				"east": {"uv": [0, 0, 16, 16], "rotation": 180, "texture": "#8"},
				"south": {"uv": [0, 0, 16, 16], "rotation": 180, "texture": "#8"},
				"west": {"uv": [0, 0, 16, 16], "rotation": 180, "texture": "#8"},
				"up": {"uv": [0, 0, 16, 16], "rotation": 180, "texture": "#8"},
				"down": {"uv": [0, 0, 16, 16], "rotation": 180, "texture": "#8"}
			}
		},
		{
			"from": [3.7, 2.1, 1.7],
			"to": [4.2, 3.1, 2.2],
			"rotation": {"angle": 0, "axis": "y", "origin": [12, 11, 9]},
			"faces": {
				"north": {"uv": [0, 0, 16, 16], "rotation": 180, "texture": "#11"},
				"east": {"uv": [0, 0, 16, 16], "rotation": 180, "texture": "#11"},
				"south": {"uv": [0, 0, 16, 16], "rotation": 180, "texture": "#11"},
				"west": {"uv": [0, 0, 16, 16], "rotation": 180, "texture": "#11"},
				"up": {"uv": [0, 0, 16, 16], "rotation": 180, "texture": "#11"},
				"down": {"uv": [0, 0, 16, 16], "rotation": 180, "texture": "#11"}
			}
		},
		{
			"from": [3.7, 2.1, 1],
			"to": [4.2, 3.1, 1.5],
			"rotation": {"angle": 0, "axis": "y", "origin": [12, 11, 8]},
			"faces": {
				"north": {"uv": [0, 0, 1, 1], "texture": "#13"},
				"east": {"uv": [0, 0, 1, 1], "texture": "#13"},
				"south": {"uv": [0, 0, 1, 1], "texture": "#13"},
				"west": {"uv": [0, 0, 1, 1], "texture": "#13"},
				"up": {"uv": [0, 0, 16, 16], "texture": "#13"},
				"down": {"uv": [0, 0, 1, 1], "texture": "#13"}
			}
		},
		{
			"from": [4.4, 2.1, 1.7],
			"to": [4.9, 3.1, 2.2],
			"rotation": {"angle": 0, "axis": "y", "origin": [13, 11, 9]},
			"faces": {
				"north": {"uv": [0, 0, 16, 16], "rotation": 180, "texture": "#10"},
				"east": {"uv": [0, 0, 16, 16], "rotation": 180, "texture": "#10"},
				"south": {"uv": [0, 0, 16, 16], "rotation": 180, "texture": "#10"},
				"west": {"uv": [0, 0, 16, 16], "rotation": 180, "texture": "#10"},
				"up": {"uv": [0, 0, 16, 16], "rotation": 180, "texture": "#10"},
				"down": {"uv": [0, 0, 16, 16], "rotation": 180, "texture": "#10"}
			}
		},
		{
			"from": [4.4, 2.1, 2.4],
			"to": [4.9, 3.1, 2.9],
			"rotation": {"angle": 0, "axis": "y", "origin": [13, 11, 10]},
			"faces": {
				"north": {"uv": [0, 0, 1, 1], "texture": "#7"},
				"east": {"uv": [0, 0, 0.5, 1], "texture": "#7"},
				"south": {"uv": [0, 0, 0.5, 1], "texture": "#7"},
				"west": {"uv": [0, 0, 0.5, 1], "texture": "#7"},
				"up": {"uv": [0, 0, 16, 16], "rotation": 180, "texture": "#7"},
				"down": {"uv": [0, 0, 1, 1], "texture": "#7"}
			}
		},
		{
			"from": [7.5, 15.5, -0.2],
			"to": [8, 16, 0],
			"rotation": {"angle": 0, "axis": "y", "origin": [15, 23, 7]},
			"faces": {
				"north": {"uv": [0, 0, 1, 1], "texture": "#14"},
				"east": {"uv": [0, 0, 1, 1], "texture": "#14"},
				"south": {"uv": [0, 0, 1, 1], "texture": "#14"},
				"west": {"uv": [0, 0, 1, 1], "texture": "#14"},
				"up": {"uv": [0, 0, 1, 1], "texture": "#14"},
				"down": {"uv": [0, 0, 1, 1], "texture": "#14"}
			}
		}
	],
	"display": {
		"thirdperson_righthand": {
			"rotation": [0, -180, 0],
			"translation": [-0.5, 3, -4.5],
			"scale": [0.5, 0.5, 0.5]
		},
		"gui": {
			"rotation": [-180, 0, -180]
		},
		"head": {
			"translation": [0, -1, 1]
		}
	},
	"groups": [0,
		{
			"name": "Behuizing",
			"origin": [8, -7, 8],
			"children": [1, 2, 3, 4, 5, 6, 7]
		},
		{
			"name": "Keypad",
			"origin": [13, 11, 9],
			"children": [8, 9, 10, 11, 12, 13, 14, 15, 16, 17]
		}, 18]
}