{
	"credit": "Made with Blockbench",
	"textures": {
		"0": "blocks/sea_lantern",
		"1": "blocks/daylight_detector_top",
		"3": "blocks/stone_slab_top",
		"particle": "blocks/daylight_detector_top"
	},
	"elements": [
		{
			"from": [6, 1, 6],
			"to": [10, 15, 10],
			"rotation": {"angle": 0, "axis": "y", "origin": [8, 14.5, 8]},
			"faces": {
				"north": {"uv": [7.5, 7.5, 8, 8], "texture": "#0"},
				"east": {"uv": [7.5, 7.5, 8, 8], "texture": "#0"},
				"south": {"uv": [7.5, 7.5, 8, 8], "texture": "#0"},
				"west": {"uv": [7.5, 7.5, 8, 8], "texture": "#0"},
				"up": {"uv": [7.5, 7.5, 8, 8], "texture": "#0"},
				"down": {"uv": [7.5, 7.5, 8, 8], "texture": "#0"}
			}
		},
		{
			"from": [0, 0, 0],
			"to": [16, 1, 16],
			"faces": {
				"north": {"uv": [0, 0, 16, 1], "texture": "#1"},
				"east": {"uv": [0, 0, 16, 1], "texture": "#1"},
				"south": {"uv": [0, 0, 16, 1], "texture": "#1"},
				"west": {"uv": [0, 0, 16, 1], "texture": "#1"},
				"up": {"uv": [0, 0, 16, 16], "texture": "#1"},
				"down": {"uv": [0, 0, 16, 16], "texture": "#1"}
			}
		},
		{
			"from": [15, 1, 0],
			"to": [16, 3, 16],
			"faces": {
				"north": {"uv": [15.5, 15.5, 16, 16], "texture": "#3"},
				"east": {"uv": [15.5, 15.5, 16, 16], "texture": "#3"},
				"south": {"uv": [15.5, 15.5, 16, 16], "texture": "#3"},
				"west": {"uv": [15.5, 15.5, 16, 16], "texture": "#3"},
				"up": {"uv": [15.5, 15.5, 16, 16], "texture": "#3"},
				"down": {"uv": [15.5, 15.5, 16, 16], "texture": "#3"}
			}
		},
		{
			"from": [0, 1, 0],
			"to": [1, 3, 16],
			"faces": {
				"north": {"uv": [15.5, 15.5, 16, 16], "texture": "#3"},
				"east": {"uv": [15.5, 15.5, 16, 16], "texture": "#3"},
				"south": {"uv": [15.5, 15.5, 16, 16], "texture": "#3"},
				"west": {"uv": [15.5, 15.5, 16, 16], "texture": "#3"},
				"up": {"uv": [15.5, 15.5, 16, 16], "texture": "#3"},
				"down": {"uv": [15.5, 15.5, 16, 16], "texture": "#3"}
			}
		},
		{
			"from": [1, 3, 2],
			"to": [2, 5, 14],
			"faces": {
				"north": {"uv": [15.5, 15.5, 16, 16], "texture": "#3"},
				"east": {"uv": [15.5, 15.5, 16, 16], "texture": "#3"},
				"south": {"uv": [15.5, 15.5, 16, 16], "texture": "#3"},
				"west": {"uv": [15.5, 15.5, 16, 16], "texture": "#3"},
				"up": {"uv": [15.5, 15.5, 16, 16], "texture": "#3"},
				"down": {"uv": [15.5, 15.5, 16, 16], "texture": "#3"}
			}
		},
		{
			"from": [14, 3, 2],
			"to": [15, 5, 14],
			"faces": {
				"north": {"uv": [15.5, 15.5, 16, 16], "texture": "#3"},
				"east": {"uv": [15.5, 15.5, 16, 16], "texture": "#3"},
				"south": {"uv": [15.5, 15.5, 16, 16], "texture": "#3"},
				"west": {"uv": [15.5, 15.5, 16, 16], "texture": "#3"},
				"up": {"uv": [15.5, 15.5, 16, 16], "texture": "#3"},
				"down": {"uv": [15.5, 15.5, 16, 16], "texture": "#3"}
			}
		},
		{
			"from": [1, 1, 0],
			"to": [15, 3, 1],
			"faces": {
				"north": {"uv": [15.5, 15.5, 16, 16], "texture": "#3"},
				"east": {"uv": [15.5, 15.5, 16, 16], "texture": "#3"},
				"south": {"uv": [15.5, 15.5, 16, 16], "texture": "#3"},
				"west": {"uv": [15.5, 15.5, 16, 16], "texture": "#3"},
				"up": {"uv": [15.5, 15.5, 16, 16], "texture": "#3"},
				"down": {"uv": [15.5, 15.5, 16, 16], "texture": "#3"}
			}
		},
		{
			"from": [1, 1, 15],
			"to": [15, 3, 16],
			"faces": {
				"north": {"uv": [15.5, 15.5, 16, 16], "texture": "#3"},
				"east": {"uv": [15.5, 15.5, 16, 16], "texture": "#3"},
				"south": {"uv": [15.5, 15.5, 16, 16], "texture": "#3"},
				"west": {"uv": [15.5, 15.5, 16, 16], "texture": "#3"},
				"up": {"uv": [15.5, 15.5, 16, 16], "texture": "#3"},
				"down": {"uv": [15.5, 15.5, 16, 16], "texture": "#3"}
			}
		},
		{
			"from": [1, 3, 1],
			"to": [15, 5, 2],
			"faces": {
				"north": {"uv": [15.5, 15.5, 16, 16], "texture": "#3"},
				"east": {"uv": [15.5, 15.5, 16, 16], "texture": "#3"},
				"south": {"uv": [15.5, 15.5, 16, 16], "texture": "#3"},
				"west": {"uv": [15.5, 15.5, 16, 16], "texture": "#3"},
				"up": {"uv": [15.5, 15.5, 16, 16], "texture": "#3"},
				"down": {"uv": [15.5, 15.5, 16, 16], "texture": "#3"}
			}
		},
		{
			"from": [1, 3, 14],
			"to": [15, 5, 15],
			"faces": {
				"north": {"uv": [15.5, 15.5, 16, 16], "texture": "#3"},
				"east": {"uv": [15.5, 15.5, 16, 16], "texture": "#3"},
				"south": {"uv": [15.5, 15.5, 16, 16], "texture": "#3"},
				"west": {"uv": [15.5, 15.5, 16, 16], "texture": "#3"},
				"up": {"uv": [15.5, 15.5, 16, 16], "texture": "#3"},
				"down": {"uv": [15.5, 15.5, 16, 16], "texture": "#3"}
			}
		},
		{
			"from": [0, 15, 1],
			"to": [16, 16, 16],
			"faces": {
				"north": {"uv": [0, 0, 16, 16], "texture": "#3"},
				"east": {"uv": [0, 0, 16, 16], "texture": "#3"},
				"south": {"uv": [0, 0, 16, 16], "texture": "#3"},
				"west": {"uv": [0, 0, 16, 16], "texture": "#3"},
				"up": {"uv": [0, 0, 16, 16], "texture": "#3"},
				"down": {"uv": [0, 0, 16, 16], "texture": "#3"}
			}
		}
	],
	"groups": [
		{
			"name": "Struct",
			"origin": [8, 8, 8],
			"children": []
		}, 0, 1, 2, 3, 4, 5, 6, 7, 8, 9, 10]
}