{
	"credit": "Made with Blockbench",
	"textures": {
		"0": "blocks/web",
		"particle": "blocks/web"
	},
	"elements": [
		{
			"from": [0, 0, 0],
			"to": [16, 16, 16],
			"rotation": {"angle": 0, "axis": "y", "origin": [23, 8, 8]},
			"faces": {
				"north": {"uv": [10, 2.5, 12, 6.5], "texture": "#0"},
				"east": {"uv": [10, 2.5, 12, 6.5], "texture": "#0"},
				"south": {"uv": [10, 2.5, 12, 6.5], "texture": "#0"},
				"west": {"uv": [10, 2.5, 12, 6.5], "texture": "#0"},
				"up": {"uv": [3.5, 15.5, 4, 16], "texture": "#0"},
				"down": {"uv": [10, 2.5, 12, 6.5], "texture": "#0"}
			}
		},
		{
			"from": [4, 0, 4],
			"to": [12, 12, 12],
			"rotation": {"angle": 0, "axis": "y", "origin": [23, 8, 8]},
			"faces": {
				"north": {"uv": [10, 2.5, 12, 6.5], "texture": "#0"},
				"east": {"uv": [10, 2.5, 12, 6.5], "texture": "#0"},
				"south": {"uv": [10, 2.5, 12, 6.5], "texture": "#0"},
				"west": {"uv": [10, 2.5, 12, 6.5], "texture": "#0"},
				"up": {"uv": [3.5, 15.5, 4, 16], "texture": "#0"},
				"down": {"uv": [10, 2.5, 12, 6.5], "texture": "#0"}
			}
		},
		{
			"from": [6, 0, 6],
			"to": [10, 9, 10],
			"rotation": {"angle": 0, "axis": "y", "origin": [23, 8, 8]},
			"faces": {
				"north": {"uv": [5, 4, 9, 13], "texture": "#0"},
				"east": {"uv": [5, 4, 9, 13], "texture": "#0"},
				"south": {"uv": [5, 4, 9, 13], "texture": "#0"},
				"west": {"uv": [5, 4, 9, 13], "texture": "#0"},
				"up": {"uv": [5, 4, 9, 8], "texture": "#0"},
				"down": {"uv": [5, 4, 9, 8], "texture": "#0"}
			}
		}
	]
}