{
	"credit": "Made with Blockbench",
	"textures": {
		"2": "blocks/quartz_block_top",
		"3": "blocks/stone_slab_top",
		"6": "blocks/concrete_white",
		"particle": "blocks/iron_bars"
	},
	"elements": [
		{
			"from": [0, 0, 0],
			"to": [16, 16, 2.3],
			"faces": {
				"north": {"uv": [0, 0, 16, 16], "texture": "#3"},
				"east": {"uv": [0, 0, 2, 16], "texture": "#3"},
				"south": {"uv": [0, 0, 16, 16], "texture": "#3"},
				"west": {"uv": [0, 0, 2, 16], "texture": "#3"},
				"up": {"uv": [0, 0, 16, 2], "texture": "#3"},
				"down": {"uv": [0, 0, 16, 2], "texture": "#3"}
			}
		},
		{
			"from": [0, 0, 1.7],
			"to": [32, 9, 16],
			"faces": {
				"north": {"uv": [0, 0, 16, 16], "texture": "#2"},
				"east": {"uv": [0, 0, 16, 16], "texture": "#2"},
				"south": {"uv": [0, 0, 16, 16], "texture": "#2"},
				"west": {"uv": [0, 0, 16, 16], "texture": "#2"},
				"up": {"uv": [0, 0, 16, 16], "texture": "#2"},
				"down": {"uv": [0, 0, 16, 16], "texture": "#2"}
			}
		},
		{
			"from": [0, 9, 2],
			"to": [6, 14, 16],
			"faces": {
				"north": {"uv": [0, 0, 0, 0], "texture": "#6"},
				"east": {"uv": [0, 0, 0, 0], "texture": "#6"},
				"south": {"uv": [0, 0, 0, 0], "texture": "#6"},
				"west": {"uv": [0, 0, 0, 0], "texture": "#6"},
				"up": {"uv": [0, 0, 0, 0], "texture": "#6"},
				"down": {"uv": [0, 0, 0, 0], "texture": "#6"}
			}
		}
	],
	"display": {
		"fixed": {
			"translation": [0, 0, 17],
			"scale": [2.5, 2.5, 2.5]
		}
	}
}