{
	"credit": "Made with Blockbench",
	"textures": {
		"0": "blocks/anvil_base",
		"1": "blocks/cauldron_inner",
		"3": "blocks/iron_bars",
		"5": "blocks/lava_flow",
		"6": "blocks/lever",
		"particle": "blocks/anvil_base"
	},
	"elements": [
		{
			"from": [0, 0, 0],
			"to": [16, 16, 2],
			"faces": {
				"north": {"uv": [0, 0, 16, 16], "texture": "#1"},
				"east": {"uv": [0, 0, 16, 16], "texture": "#1"},
				"south": {"uv": [0, 0, 16, 16], "texture": "#1"},
				"west": {"uv": [0, 0, 16, 16], "texture": "#1"},
				"up": {"uv": [0, 0, 16, 16], "texture": "#1"},
				"down": {"uv": [0, 0, 16, 16], "texture": "#1"}
			}
		},
		{
			"from": [0, 0, 2],
			"to": [4, 16, 6],
			"faces": {
				"north": {"uv": [0, 0, 4, 16], "texture": "#1"},
				"east": {"uv": [0, 0, 4, 16], "texture": "#1"},
				"south": {"uv": [0, 0, 4, 16], "texture": "#1"},
				"west": {"uv": [0, 0, 4, 16], "texture": "#1"},
				"up": {"uv": [0, 0, 4, 16], "texture": "#1"},
				"down": {"uv": [0, 0, 4, 16], "texture": "#1"}
			}
		},
		{
			"from": [12, 0, 2],
			"to": [16, 16, 6],
			"rotation": {"angle": 0, "axis": "z", "origin": [17.6, 17.6, 4.1]},
			"faces": {
				"north": {"uv": [0, 0, 4, 16], "texture": "#0"},
				"east": {"uv": [0, 0, 4, 16], "texture": "#0"},
				"south": {"uv": [0, 0, 4, 16], "texture": "#0"},
				"west": {"uv": [0, 0, 4, 16], "texture": "#0"},
				"up": {"uv": [0, 0, 4, 16], "texture": "#0"},
				"down": {"uv": [0, 0, 4, 16], "texture": "#0"}
			}
		},
		{
			"from": [5.1, 15.1, 3.6],
			"to": [6.1, 20.3, 4.6],
			"rotation": {"angle": -45, "axis": "z", "origin": [5.6, 17.6, 4.1]},
			"faces": {
				"north": {"uv": [7, 6, 9, 16], "texture": "#6"},
				"east": {"uv": [7, 6, 9, 16], "texture": "#6"},
				"south": {"uv": [7, 6, 9, 16], "texture": "#6"},
				"west": {"uv": [7, 6, 9, 16], "texture": "#6"},
				"up": {"uv": [7, 6, 9, 16], "texture": "#6"},
				"down": {"uv": [7, 6, 9, 16], "texture": "#6"}
			}
		},
		{
			"from": [7.7, 17.1, 3.6],
			"to": [12.9, 18.1, 4.6],
			"rotation": {"angle": -45, "axis": "z", "origin": [10.4, 17.6, 4.1]},
			"faces": {
				"north": {"uv": [7, 6, 9, 16], "rotation": 90, "texture": "#6"},
				"east": {"uv": [7, 6, 9, 16], "rotation": 270, "texture": "#6"},
				"south": {"uv": [7, 6, 9, 16], "rotation": 270, "texture": "#6"},
				"west": {"uv": [7, 6, 9, 16], "rotation": 270, "texture": "#6"},
				"up": {"uv": [7, 6, 9, 16], "rotation": 270, "texture": "#6"},
				"down": {"uv": [7, 6, 9, 16], "rotation": 270, "texture": "#6"}
			}
		},
		{
			"from": [7.7, 19.1, 3.5],
			"to": [8.4, 19.7, 4.6],
			"rotation": {"angle": 0, "axis": "y", "origin": [8.4, 19.9, 4]},
			"faces": {
				"north": {"uv": [0, 0, 1, 1], "texture": "#5"},
				"east": {"uv": [0, 0, 1, 1], "texture": "#5"},
				"south": {"uv": [0, 0, 1, 1], "texture": "#5"},
				"west": {"uv": [0, 0, 1, 1], "texture": "#5"},
				"up": {"uv": [0, 0, 1, 1], "texture": "#5"},
				"down": {"uv": [0, 0, 1, 1], "texture": "#5"}
			}
		},
		{
			"from": [6.7, 0, 2],
			"to": [12.1, 13.9, 4],
			"rotation": {"angle": 0, "axis": "y", "origin": [14, 8, 10]},
			"faces": {
				"north": {"uv": [2, 2, 2.5, 5.8], "texture": "#3"},
				"east": {"uv": [13.5, 3, 14, 6.3], "texture": "#3"},
				"south": {"uv": [2, 2, 5.7, 14.8], "texture": "#3"},
				"west": {"uv": [2, 1, 3, 5.9], "texture": "#3"},
				"up": {"uv": [3, 2.5, 3.5, 3.8], "texture": "#3"},
				"down": {"uv": [1.5, 2, 2, 2.8], "texture": "#3"}
			}
		}
	],
	"display": {
		"fixed": {
			"rotation": [0, -180, 0],
			"translation": [0, 0, -15],
			"scale": [2, 2, 2]
		}
	}
}