{
	"credit": "Made with Blockbench",
	"textures": {
		"0": "blocks/custom/10eurobrief",
		"1": "blocks/side",
		"particle": "blocks/custom/10eurobrief"
	},
	"elements": [
		{
			"from": [5, 7.5, 7],
			"to": [11, 11, 8],
			"rotation": {"angle": 0, "axis": "y", "origin": [15, 8, 15]},
			"faces": {
				"north": {"uv": [0, 0, 16, 16], "texture": "#0"},
				"east": {"uv": [0, 0, 1, 1], "texture": "#0"},
				"south": {"uv": [0, 0, 16, 16], "texture": "#0"},
				"west": {"uv": [1, 0, 2, 7], "texture": "#0"},
				"up": {"uv": [0, 0, 2, 1], "texture": "#0"},
				"down": {"uv": [0, 0, 2, 1], "texture": "#0"}
			}
		},
		{
			"from": [5.25, 9.8, 6.999],
			"to": [6.25, 10.8, 7.999],
			"rotation": {"angle": 0, "axis": "y", "origin": [10.75, 10.3, 7.4]},
			"faces": {
				"north": {"uv": [0, 0, 15.956, 15.956], "texture": "#1"},
				"east": {"uv": [0, 0, 1, 1], "texture": "#1"},
				"south": {"uv": [0, 0, 1, 1], "texture": "#1"},
				"west": {"uv": [0, 0, 1, 1], "texture": "#1"},
				"up": {"uv": [0, 0, 1, 1], "texture": "#1"},
				"down": {"uv": [0, 0, 1, 1], "texture": "#1"}
			}
		},
		{
			"from": [9.75, 9.8, 7.001],
			"to": [10.75, 10.8, 8.001],
			"rotation": {"angle": 0, "axis": "y", "origin": [15.25, 10.3, 7.55]},
			"faces": {
				"north": {"uv": [0, 0, 15.956, 15.956], "texture": "#1"},
				"east": {"uv": [0, 0, 1, 1], "texture": "#1"},
				"south": {"uv": [0, 0, 15.956, 15.956], "texture": "#1"},
				"west": {"uv": [0, 0, 0.826, 0.913], "texture": "#1"},
				"up": {"uv": [0, 0, 1, 1], "texture": "#1"},
				"down": {"uv": [0, 0, 1, 1], "texture": "#1"}
			}
		}
	],
	"display": {
		"thirdperson_righthand": {
			"translation": [0, 0.5, 1]
		},
		"thirdperson_lefthand": {
			"translation": [0, 0.5, 1]
		},
		"firstperson_righthand": {
			"translation": [0, 1, 0]
		},
		"firstperson_lefthand": {
			"translation": [0, 1, 0]
		},
		"gui": {
			"translation": [0, -3.5, 0],
			"scale": [2.5, 2.5, 1]
		},
		"head": {
			"translation": [0, -3.5, -6.25],
			"scale": [3, 3, 1]
		},
		"fixed": {
			"translation": [0, -2, 0],
			"scale": [2, 2, 2]
		}
	}
}